category,sample_idx,plane,path,scale,label_db_min,label_db_max,baseline_db_min,baseline_db_max,shared_vmin,shared_vmax,figure
carotid,0,XZ,/media/liujia/rf_pipeline/64x32x32/02_h5_patches/test/carotid/RF000486_carotid_test_patch001.h5,36751.46875,38.96821975708008,84.65438079833984,55.085140228271484,95.55113983154297,33.69642181396485,93.69642181396485,figures/carotid_idx000_xz_label_vs_baseline.png
carotid,0,XY,/media/liujia/rf_pipeline/64x32x32/02_h5_patches/test/carotid/RF000486_carotid_test_patch001.h5,36751.46875,42.420013427734375,88.13285064697266,51.59370422363281,94.81370544433594,31.98519454956056,91.98519454956056,figures/carotid_idx000_xy_label_vs_baseline.png
carotid,0,ZY,/media/liujia/rf_pipeline/64x32x32/02_h5_patches/test/carotid/RF000486_carotid_test_patch001.h5,36751.46875,43.923606872558594,89.25910949707031,47.193721771240234,95.27629089355469,33.60205688476563,93.60205688476563,figures/carotid_idx000_zy_label_vs_baseline.png
carotid,1,XZ,/media/liujia/rf_pipeline/64x32x32/02_h5_patches/test/carotid/RF000486_carotid_test_patch002.h5,70587.671875,42.40353012084961,91.44474029541016,52.34230041503906,97.3880844116211,35.410241317749026,95.41024131774903,figures/carotid_idx001_xz_label_vs_baseline.png
carotid,1,XY,/media/liujia/rf_pipeline/64x32x32/02_h5_patches/test/carotid/RF000486_carotid_test_patch002.h5,70587.671875,47.626285552978516,97.04547882080078,55.60154342651367,98.25061798095703,35.69541732788086,95.69541732788086,figures/carotid_idx001_xy_label_vs_baseline.png
carotid,1,ZY,/media/liujia/rf_pipeline/64x32x32/02_h5_patches/test/carotid/RF000486_carotid_test_patch002.h5,70587.671875,49.384605407714844,93.62429809570312,60.14518356323242,97.60199737548828,36.08608150482178,96.08608150482178,figures/carotid_idx001_zy_label_vs_baseline.png
carotid,2,XZ,/media/liujia/rf_pipeline/64x32x32/02_h5_patches/test/carotid/RF000486_carotid_test_patch003.h5,51741.5,40.557254791259766,93.31117248535156,52.475128173828125,97.14726257324219,35.97970199584961,95.97970199584961,figures/carotid_idx002_xz_label_vs_baseline.png
carotid,2,XY,/media/liujia/rf_pipeline/64x32x32/02_h5_patches/test/carotid/RF000486_carotid_test_patch003.h5,51741.5,45.34825134277344,83.17701721191406,51.51140213012695,91.45942687988281,29.423851318359382,89.42385131835938,figures/carotid_idx002_xy_label_vs_baseline.png
carotid,2,ZY,/media/liujia/rf_pipeline/64x32x32/02_h5_patches/test/carotid/RF000486_carotid_test_patch003.h5,51741.5,37.85546112060547,91.60401916503906,54.47099685668945,92.18063354492188,31.53371315002441,91.53371315002441,figures/carotid_idx002_zy_label_vs_baseline.png
carotid,3,XZ,/media/liujia/rf_pipeline/64x32x32/02_h5_patches/test/carotid/RF000486_carotid_test_patch004.h5,14162.2490234375,28.498802185058594,81.21422576904297,50.41631317138672,87.08621978759766,26.31741847991944,86.31741847991944,figures/carotid_idx003_xz_label_vs_baseline.png
carotid,3,XY,/media/liujia/rf_pipeline/64x32x32/02_h5_patches/test/carotid/RF000486_carotid_test_patch004.h5,14162.2490234375,45.376014709472656,80.58372497558594,52.596405029296875,87.56903076171875,26.148362960815433,86.14836296081543,figures/carotid_idx003_xy_label_vs_baseline.png
carotid,3,ZY,/media/liujia/rf_pipeline/64x32x32/02_h5_patches/test/carotid/RF000486_carotid_test_patch004.h5,14162.2490234375,32.59029769897461,80.0192642211914,43.957000732421875,87.73204040527344,27.080128479003903,87.0801284790039,figures/carotid_idx003_zy_label_vs_baseline.png
carotid,4,XZ,/media/liujia/rf_pipeline/64x32x32/02_h5_patches/test/carotid/RF000486_carotid_test_patch005.h5,15242.1953125,39.01087188720703,81.92406463623047,40.70663070678711,89.75952911376953,28.022202491760268,88.02220249176027,figures/carotid_idx004_xz_label_vs_baseline.png
carotid,4,XY,/media/liujia/rf_pipeline/64x32x32/02_h5_patches/test/carotid/RF000486_carotid_test_patch005.h5,15242.1953125,42.99573516845703,82.10116577148438,48.695167541503906,90.72119140625,28.76047153472902,88.76047153472902,figures/carotid_idx004_xy_label_vs_baseline.png
carotid,4,ZY,/media/liujia/rf_pipeline/64x32x32/02_h5_patches/test/carotid/RF000486_carotid_test_patch005.h5,15242.1953125,42.22569274902344,81.86072540283203,44.44505310058594,91.83580017089844,29.36909141540528,89.36909141540528,figures/carotid_idx004_zy_label_vs_baseline.png
muscle,75,XZ,/media/liujia/rf_pipeline/64x32x32/02_h5_patches/test/muscle/RF000386_muscle_test_patch001.h5,2458.537841796875,23.23461151123047,66.67938995361328,32.63280487060547,72.07608795166016,10.511905097961431,70.51190509796143,figures/muscle_idx075_xz_label_vs_baseline.png
muscle,75,XY,/media/liujia/rf_pipeline/64x32x32/02_h5_patches/test/muscle/RF000386_muscle_test_patch001.h5,2458.537841796875,28.847576141357422,65.45252990722656,35.51960754394531,72.9173355102539,10.954402084350605,70.9544020843506,figures/muscle_idx075_xy_label_vs_baseline.png
muscle,75,ZY,/media/liujia/rf_pipeline/64x32x32/02_h5_patches/test/muscle/RF000386_muscle_test_patch001.h5,2458.537841796875,18.70387077331543,63.65158462524414,30.592477798461914,73.79522705078125,11.485593795776367,71.48559379577637,figures/muscle_idx075_zy_label_vs_baseline.png
muscle,76,XZ,/media/liujia/rf_pipeline/64x32x32/02_h5_patches/test/muscle/RF000386_muscle_test_patch002.h5,34454.40234375,40.85711669921875,81.21956634521484,44.10072326660156,91.50494384765625,29.04913730621338,89.04913730621338,figures/muscle_idx076_xz_label_vs_baseline.png
muscle,76,XY,/media/liujia/rf_pipeline/64x32x32/02_h5_patches/test/muscle/RF000386_muscle_test_patch002.h5,34454.40234375,46.73790740966797,90.2432861328125,49.12718200683594,92.14329528808594,30.225374984741222,90.22537498474122,figures/muscle_idx076_xy_label_vs_baseline.png
muscle,76,ZY,/media/liujia/rf_pipeline/64x32x32/02_h5_patches/test/muscle/RF000386_muscle_test_patch002.h5,34454.40234375,41.474361419677734,80.92098999023438,50.842063903808594,91.6714096069336,30.08199615478516,90.08199615478516,figures/muscle_idx076_zy_label_vs_baseline.png
muscle,77,XZ,/media/liujia/rf_pipeline/64x32x32/02_h5_patches/test/muscle/RF000386_muscle_test_patch003.h5,70777.59375,19.680992126464844,92.10459899902344,48.44251251220703,97.37518310546875,35.58038578033448,95.58038578033448,figures/muscle_idx077_xz_label_vs_baseline.png
muscle,77,XY,/media/liujia/rf_pipeline/64x32x32/02_h5_patches/test/muscle/RF000386_muscle_test_patch003.h5,70777.59375,49.942989349365234,94.38108825683594,48.83946990966797,100.70046997070312,38.91029960632325,98.91029960632325,figures/muscle_idx077_xy_label_vs_baseline.png
muscle,77,ZY,/media/liujia/rf_pipeline/64x32x32/02_h5_patches/test/muscle/RF000386_muscle_test_patch003.h5,70777.59375,37.367759704589844,95.34097290039062,48.63208770751953,102.49923706054688,38.277474212646496,98.2774742126465,figures/muscle_idx077_zy_label_vs_baseline.png
muscle,78,XZ,/media/liujia/rf_pipeline/64x32x32/02_h5_patches/test/muscle/RF000386_muscle_test_patch004.h5,29468.73828125,43.727909088134766,84.26949310302734,48.03943634033203,89.90096282958984,27.011572837829604,87.0115728378296,figures/muscle_idx078_xz_label_vs_baseline.png
muscle,78,XY,/media/liujia/rf_pipeline/64x32x32/02_h5_patches/test/muscle/RF000386_muscle_test_patch004.h5,29468.73828125,38.05728530883789,81.9449462890625,52.643890380859375,87.97119903564453,26.66565563201904,86.66565563201904,figures/muscle_idx078_xy_label_vs_baseline.png
muscle,78,ZY,/media/liujia/rf_pipeline/64x32x32/02_h5_patches/test/muscle/RF000386_muscle_test_patch004.h5,29468.73828125,39.22393798828125,82.65137481689453,50.96084976196289,90.55518341064453,27.918278121948248,87.91827812194825,figures/muscle_idx078_zy_label_vs_baseline.png
muscle,79,XZ,/media/liujia/rf_pipeline/64x32x32/02_h5_patches/test/muscle/RF000386_muscle_test_patch005.h5,35593.5234375,36.52532958984375,82.33570098876953,43.253204345703125,89.98826599121094,28.265433311462402,88.2654333114624,figures/muscle_idx079_xz_label_vs_baseline.png
muscle,79,XY,/media/liujia/rf_pipeline/64x32x32/02_h5_patches/test/muscle/RF000386_muscle_test_patch005.h5,35593.5234375,40.86643600463867,81.6599349975586,51.248287200927734,89.64043426513672,28.33171703338624,88.33171703338624,figures/muscle_idx079_xy_label_vs_baseline.png
muscle,79,ZY,/media/liujia/rf_pipeline/64x32x32/02_h5_patches/test/muscle/RF000386_muscle_test_patch005.h5,35593.5234375,42.21391677856445,86.55467224121094,41.578575134277344,90.361083984375,28.28352336883546,88.28352336883546,figures/muscle_idx079_zy_label_vs_baseline.png
phantom,150,XZ,/media/liujia/rf_pipeline/64x32x32/02_h5_patches/test/phantom/RF000587_phantom_test_patch001.h5,6767.09423828125,26.153573989868164,75.19659423828125,41.14334487915039,82.1821517944336,19.892720222473145,79.89272022247314,figures/phantom_idx150_xz_label_vs_baseline.png
phantom,150,XY,/media/liujia/rf_pipeline/64x32x32/02_h5_patches/test/phantom/RF000587_phantom_test_patch001.h5,6767.09423828125,26.153573989868164,74.54686737060547,33.80826187133789,82.7216796875,20.289794998168958,80.28979499816896,figures/phantom_idx150_xy_label_vs_baseline.png
phantom,150,ZY,/media/liujia/rf_pipeline/64x32x32/02_h5_patches/test/phantom/RF000587_phantom_test_patch001.h5,6767.09423828125,25.176742553710938,75.51359558105469,43.81029510498047,82.03292846679688,20.134559631347656,80.13455963134766,figures/phantom_idx150_zy_label_vs_baseline.png
phantom,151,XZ,/media/liujia/rf_pipeline/64x32x32/02_h5_patches/test/phantom/RF000587_phantom_test_patch002.h5,2867.14501953125,18.66910171508789,68.90606689453125,30.62495231628418,73.65574645996094,11.979309463500982,71.97930946350098,figures/phantom_idx151_xz_label_vs_baseline.png
phantom,151,XY,/media/liujia/rf_pipeline/64x32x32/02_h5_patches/test/phantom/RF000587_phantom_test_patch002.h5,2867.14501953125,25.35137176513672,68.52442932128906,37.67952346801758,76.5738296508789,12.772137870788583,72.77213787078858,figures/phantom_idx151_xy_label_vs_baseline.png
phantom,151,ZY,/media/liujia/rf_pipeline/64x32x32/02_h5_patches/test/phantom/RF000587_phantom_test_patch002.h5,2867.14501953125,24.70162582397461,67.2442626953125,28.01894187927246,75.50758361816406,14.190485572814936,74.19048557281494,figures/phantom_idx151_zy_label_vs_baseline.png
phantom,152,XZ,/media/liujia/rf_pipeline/64x32x32/02_h5_patches/test/phantom/RF000587_phantom_test_patch003.h5,4193.587890625,27.974533081054688,70.3701400756836,40.73058319091797,78.69881439208984,16.882817459106462,76.88281745910646,figures/phantom_idx152_xz_label_vs_baseline.png
phantom,152,XY,/media/liujia/rf_pipeline/64x32x32/02_h5_patches/test/phantom/RF000587_phantom_test_patch003.h5,4193.587890625,28.97035789489746,70.56060028076172,41.47292709350586,78.8959732055664,16.70318321228028,76.70318321228028,figures/phantom_idx152_xy_label_vs_baseline.png
phantom,152,ZY,/media/liujia/rf_pipeline/64x32x32/02_h5_patches/test/phantom/RF000587_phantom_test_patch003.h5,4193.587890625,29.34677505493164,70.22969055175781,32.85551452636719,78.7715835571289,16.6615432739258,76.6615432739258,figures/phantom_idx152_zy_label_vs_baseline.png
phantom,153,XZ,/media/liujia/rf_pipeline/64x32x32/02_h5_patches/test/phantom/RF000587_phantom_test_patch004.h5,6496.9326171875,30.206016540527344,75.03597259521484,42.971553802490234,81.06275939941406,19.817342185974127,79.81734218597413,figures/phantom_idx153_xz_label_vs_baseline.png
phantom,153,XY,/media/liujia/rf_pipeline/64x32x32/02_h5_patches/test/phantom/RF000587_phantom_test_patch004.h5,6496.9326171875,27.76046371459961,74.12991333007812,31.228696823120117,81.34750366210938,19.67586715698242,79.67586715698242,figures/phantom_idx153_xy_label_vs_baseline.png
phantom,153,ZY,/media/liujia/rf_pipeline/64x32x32/02_h5_patches/test/phantom/RF000587_phantom_test_patch004.h5,6496.9326171875,26.76496696472168,74.5589370727539,36.41386032104492,82.58487701416016,19.476109123229975,79.47610912322997,figures/phantom_idx153_zy_label_vs_baseline.png
phantom,154,XZ,/media/liujia/rf_pipeline/64x32x32/02_h5_patches/test/phantom/RF000587_phantom_test_patch005.h5,8898.984375,35.05680465698242,77.53045654296875,45.659324645996094,83.89937591552734,22.743758392333987,82.74375839233399,figures/phantom_idx154_xz_label_vs_baseline.png
phantom,154,XY,/media/liujia/rf_pipeline/64x32x32/02_h5_patches/test/phantom/RF000587_phantom_test_patch005.h5,8898.984375,36.769386291503906,76.0463638305664,40.30926513671875,85.61872863769531,21.783614654541083,81.78361465454108,figures/phantom_idx154_xy_label_vs_baseline.png
phantom,154,ZY,/media/liujia/rf_pipeline/64x32x32/02_h5_patches/test/phantom/RF000587_phantom_test_patch005.h5,8898.984375,35.952430725097656,75.71711730957031,36.78244400024414,84.20381164550781,21.86759223937989,81.86759223937989,figures/phantom_idx154_zy_label_vs_baseline.png
