epoch,batches,seconds,peak_cuda_mem_gb,available_memory_gb,loss,sup_loss,ssim,l1,d_loss,d_real_loss,d_fake_loss,d_real_score_raw,d_fake_score_raw,d_real_score_sigmoid,d_fake_score_sigmoid,g_adv,g_fake_score_raw,g_fake_score_sigmoid,pred_min,pred_max,pred_mean,pred_std,pred_baseline_l1,baseline_gt_l1,pred_gt_l1,has_nan,has_inf,d_loss_train,d_real_loss_train,d_fake_loss_train,d_real_score_raw_train,d_fake_score_raw_train,d_real_score_sigmoid_train,d_fake_score_sigmoid_train,g_adv_train,g_fake_score_raw_train,g_fake_score_sigmoid_train,val_loss,val_ssim,val_l1,val_pred_mean,val_pred_std,val_pred_baseline_l1,val_baseline_gt_l1,d_loss_evalfixed,d_real_loss_evalfixed,d_fake_loss_evalfixed,d_real_score_raw_evalfixed,d_fake_score_raw_evalfixed,d_real_score_sigmoid_evalfixed,d_fake_score_sigmoid_evalfixed,g_adv_evalfixed,g_fake_score_raw_evalfixed,g_fake_score_sigmoid_evalfixed,val_carotid_loss,val_carotid_ssim,val_carotid_l1,val_carotid_pred_std,val_carotid_gt_std,val_muscle_loss,val_muscle_ssim,val_muscle_l1,val_muscle_pred_std,val_muscle_gt_std,val_phantom_loss,val_phantom_ssim,val_phantom_l1,val_phantom_pred_std,val_phantom_gt_std,gcnr_carotid,gcnr_muscle,trainfixed_loss,trainfixed_ssim,trainfixed_l1,trainfixed_pred_mean,trainfixed_pred_std,trainfixed_pred_baseline_l1,trainfixed_baseline_gt_l1,trainfixed_carotid_loss,trainfixed_carotid_ssim,trainfixed_carotid_l1,trainfixed_carotid_pred_std,trainfixed_carotid_gt_std,trainfixed_muscle_loss,trainfixed_muscle_ssim,trainfixed_muscle_l1,trainfixed_muscle_pred_std,trainfixed_muscle_gt_std,trainfixed_phantom_loss,trainfixed_phantom_ssim,trainfixed_phantom_l1,trainfixed_phantom_pred_std,trainfixed_phantom_gt_std,bn_layers,bn_running_mean_mean,bn_running_var_mean
1,175,652.1117699146271,4.071910381317139,42.41230773925781,0.884442127432142,0.7904423311778477,0.094260809261884,0.18513395424400056,0.35480953533734594,0.3258696985883372,0.3837493846033301,0.744694669299892,0.28707550084950134,0.6696777403354645,0.5651521977356502,0.939997959371124,0.20839798214113606,0.5462919057267053,0.0002446446118942316,0.9999982118606567,0.38550488080297196,0.1547898218887193,0.2744872804198946,0.15036506950855255,0.18513395424400056,0.0,0.0,0.35480953533734594,0.3258696985883372,0.3837493846033301,0.744694669299892,0.28707550084950134,0.6696777403354645,0.5651521977356502,0.939997959371124,0.20839798214113606,0.5462919057267053,0.7504443451762199,0.1231463085860014,0.08679546695202589,0.46389875933527946,0.05201872484758496,0.1598942782729864,0.14964335970580578,0.10629927925765514,0.08977857697755098,0.12281997688114643,0.737671822309494,0.326199846342206,0.6756808012723923,0.5804969668388367,0.47042032331228256,0.326199846342206,0.5804969668388367,0.747267872095108,0.1286430824548006,0.09580049477517605,0.024547716486267745,0.09632845595479012,0.7498741149902344,0.12374317087233067,0.08636496588587761,0.028074466972611845,0.09984172787517309,0.7541910856962204,0.11705266870558262,0.07822093367576599,0.024789623450487852,0.09576937090605497,MISSING_ROI,MISSING_ROI,0.7534870877861977,0.12067525740712881,0.09283953718841076,0.4974105954170227,0.04637168347835541,0.17387523502111435,0.1505252756178379,0.7512988969683647,0.1246081693097949,0.09981122240424156,0.03786025941371918,0.10383298806846142,0.7555174976587296,0.11918221972882748,0.09769120812416077,0.03404538007453084,0.10098700504750013,0.7536448463797569,0.11823537573218346,0.08101617079228163,0.022149135009385645,0.0976626630872488,21,-0.08360860561065021,12826.984571188688
2,175,514.8085310459137,4.071910381317139,42.350189208984375,0.8601786201340812,0.7746561711175101,0.10393411913088389,0.13725535341671535,0.13250921451619693,0.12655089474682296,0.13846753388643265,0.8161277826343264,0.18444752479504262,0.6897513767651149,0.5448280564376287,0.855224470113005,0.1242340506187507,0.5304752842017583,3.0167970231869866e-05,0.9999998807907104,0.4775977294785636,0.16672583895070212,0.19573072152478355,0.15036506950855255,0.13725535341671535,0.0,0.0,0.13250921451619693,0.12655089474682296,0.13846753388643265,0.8161277826343264,0.18444752479504262,0.6897513767651149,0.5448280564376287,0.855224470113005,0.1242340506187507,0.5304752842017583,0.7602001801133156,0.11498895194381475,0.10494325403124094,0.4278584346175194,0.0913196443580091,0.1924582738429308,0.14964335970580578,0.0417650630697608,0.04184844973497093,0.041681677801534534,0.8500103056430817,0.18212313391268253,0.699763610959053,0.5452958568930626,0.6774354502558708,0.18212313391268253,0.5452958568930626,0.7547479048371315,0.1219305731356144,0.10731002315878868,0.04370989976450801,0.09632845595479012,0.7589961737394333,0.1171710453927517,0.10887420177459717,0.05113489553332329,0.09984172787517309,0.7668564766645432,0.10586522798985243,0.0986455250531435,0.05284431902691722,0.09576937090605497,MISSING_ROI,MISSING_ROI,0.7651976048946381,0.11102945636957884,0.11538987420499325,0.4712575450539589,0.09728346252813935,0.20043986290693283,0.1505252756178379,0.7613222226500511,0.11648089624941349,0.11978871747851372,0.08261780999600887,0.10383298806846142,0.7669093310832977,0.10903863655403256,0.1156362360343337,0.07943759765475988,0.10098700504750013,0.7673613056540489,0.10756882280111313,0.1107446514070034,0.04898833064362407,0.0976626630872488,21,-0.09612976200324261,13254.970234623977
3,175,525.9497156143188,4.071910381317139,42.35694122314453,0.8698729535511561,0.784803730079106,0.09144096029656273,0.1350884826694216,0.11729749792388507,0.09582682862877846,0.13876816860267094,0.8136967814394406,0.19252347383614896,0.690496700831822,0.5467808432238442,0.8506922485147204,0.11892368577088096,0.5291721945149558,1.9324389556276735e-08,1.0,0.48743825248309547,0.17159118418182645,0.1905031661902155,0.15036506950855255,0.1350884826694216,0.0,0.0,0.11729749792388507,0.09582682862877846,0.13876816860267094,0.8136967814394406,0.19252347383614896,0.690496700831822,0.5467808432238442,0.8506922485147204,0.11892368577088096,0.5291721945149558,0.7753249481320381,0.10087131895124912,0.12535542901605368,0.4007059969007969,0.08682051859796047,0.21839124150574207,0.14964335970580578,0.1347373779863119,0.1997118890285492,0.06976286927238107,0.5784975923597813,-0.1269436152651906,0.6400140225887299,0.468614149838686,1.323650136590004,-0.1269436152651906,0.468614149838686,0.7761557772755623,0.10059237480163574,0.1290837312117219,0.07251134049147367,0.09632845595479012,0.7728797867894173,0.1046338016167283,0.12982625886797905,0.07184190861880779,0.09984172787517309,0.776939257979393,0.09738776832818985,0.11715628672391176,0.07258340995758772,0.09576937090605497,MISSING_ROI,MISSING_ROI,0.7760745510458946,0.10272261500358582,0.13975981157273054,0.42869187518954277,0.09797432739287615,0.23816251941025257,0.1505252756178379,0.7809848859906197,0.09925339138135314,0.15223585441708565,0.09539437247440219,0.10383298806846142,0.7744223028421402,0.10580153577029705,0.14559758640825748,0.09097313228994608,0.10098700504750013,0.7728164792060852,0.1031129090115428,0.12144598551094532,0.07042512577027082,0.0976626630872488,21,-0.14762920509314253,14241.347801637083
4,175,628.1603076457977,4.071910381317139,42.40074157714844,0.8564439259256635,0.7772081109455654,0.09913111925125122,0.12798924233232226,0.1585941462431635,0.134526032730937,0.1826622596063784,0.7236194033282144,0.27799054415098257,0.6712452452523368,0.5674154041494642,0.7923581902895654,0.15898639246887927,0.538932124546596,0.034748740327973184,0.9999998807907104,0.4991643849440983,0.1608517018386296,0.17530300004141672,0.15036506950855255,0.12798924233232226,0.0,0.0,0.1585941462431635,0.134526032730937,0.1826622596063784,0.7236194033282144,0.27799054415098257,0.6712452452523368,0.5674154041494642,0.7923581902895654,0.15898639246887927,0.538932124546596,0.7779448702931404,0.09400272183120251,0.10566992312669754,0.48512809351086617,0.0917928284034133,0.14513356983661652,0.14964335970580578,0.16416140459477901,0.1386599475517869,0.1896628551185131,0.6650083065032959,0.3955020122230053,0.6594063937664032,0.5968726351857185,0.3986588791012764,0.3955020122230053,0.5968726351857185,0.7835985273122787,0.08920469926670194,0.11581564974039793,0.08386762160807848,0.09632845595479012,0.7753276377916336,0.09659736370667815,0.10293419286608696,0.09018485713750124,0.09984172787517309,0.7749084383249283,0.09620609134435654,0.09825992211699486,0.07464804220944643,0.09576937090605497,MISSING_ROI,MISSING_ROI,0.7724964618682861,0.10125599801540375,0.10969706531614065,0.5148098431527615,0.10198849160224199,0.15978811029344797,0.1505252756178379,0.7777258232235909,0.09661956410855055,0.11803915165364742,0.10801667161285877,0.10383298806846142,0.7737247496843338,0.10012016631662846,0.11141074076294899,0.09915041644126177,0.10098700504750013,0.7660388424992561,0.10702825151383877,0.0996413016691804,0.07256676629185677,0.0976626630872488,21,-0.15096115595882847,15172.415802524203
5,175,569.6338527202606,4.071910381317139,42.40934371948242,0.8375538202694485,0.760809680053166,0.11644968394722258,0.11642146851335253,0.16168058865836687,0.1521587795178805,0.17120239727199077,0.708998081939561,0.2946181589790753,0.6677386614254542,0.5717623163972582,0.767441400715283,0.16951405633606814,0.5414650896617345,0.14898265357528415,0.9999345541000366,0.5178119732652392,0.1544980475306511,0.154011852315494,0.15036506950855255,0.11642146851335253,0.0,0.0,0.16168058865836687,0.1521587795178805,0.17120239727199077,0.708998081939561,0.2946181589790753,0.6677386614254542,0.5717623163972582,0.767441400715283,0.16951405633606814,0.5414650896617345,0.7867035269737244,0.08710268046706915,0.1241861879825592,0.41359543427824974,0.10577400866895914,0.2063987571746111,0.14964335970580578,0.14093628711998463,0.2294285874813795,0.052443984197452664,0.5491224899888039,0.028532053460367024,0.6331244185566902,0.5071827247738838,0.9953798875212669,0.028532053460367024,0.5071827247738838,0.7899481579661369,0.0836859866976738,0.1265276689082384,0.08969833655282855,0.09632845595479012,0.7858002856373787,0.08922267891466618,0.12967094127088785,0.09654614143073559,0.09984172787517309,0.7843621000647545,0.08839935529977083,0.11635995097458363,0.08422970678657293,0.09576937090605497,MISSING_ROI,MISSING_ROI,0.7706649303436279,0.10723604634404182,0.1296451035887003,0.45328161492943764,0.11036811582744122,0.2141839861869812,0.1505252756178379,0.7710550129413605,0.10804598778486252,0.13633555080741644,0.10936588980257511,0.10383298806846142,0.7734319940209389,0.10473797097802162,0.133824466727674,0.1039894511923194,0.10098700504750013,0.7675077170133591,0.1089241849258542,0.11877527739852667,0.0809083366766572,0.0976626630872488,21,-0.1589611147840818,16213.606437773931
6,175,673.6613154411316,4.071910381317139,42.43169021606445,0.833831045968192,0.7571773396219525,0.12040641869817462,0.11449223377874919,0.14948946382318223,0.14251577386898653,0.15646315406475747,0.7252461337191718,0.277175542011724,0.6712869439806257,0.5675947056497846,0.7665370577999524,0.16697326785618705,0.5409862061909266,0.14196845927408763,0.9998897314071655,0.5199366184643337,0.15481413905109678,0.15464522672551018,0.15036506950855255,0.11449223377874919,0.0,0.0,0.14948946382318223,0.14251577386898653,0.15646315406475747,0.7252461337191718,0.277175542011724,0.6712869439806257,0.5675947056497846,0.7665370577999524,0.16697326785618705,0.5409862061909266,0.7838686853647232,0.08605745434761047,0.10098101664334536,0.49719812721014023,0.08879722468554974,0.13851109705865383,0.14964335970580578,0.16873019095510244,0.2868175935000181,0.05064278841018677,0.4944413900375366,0.0492077823728323,0.6202602237462997,0.5121573582291603,0.9522272795438766,0.0492077823728323,0.5121573582291603,0.7861526310443878,0.08454185537993908,0.1072987662628293,0.07386679761111736,0.09632845595479012,0.7794116958975792,0.09083163272589445,0.09818940423429012,0.0828866008669138,0.09984172787517309,0.7860417068004608,0.0827988707460463,0.09745487198233604,0.07423235615715384,0.09576937090605497,MISSING_ROI,MISSING_ROI,0.751996323466301,0.12402339186519384,0.10110000986605883,0.5309703648090363,0.09180402848869562,0.15023351926356554,0.1505252756178379,0.7454197481274605,0.1323158498853445,0.10353179834783077,0.0884541692212224,0.10383298806846142,0.7524724677205086,0.12383884657174349,0.10310699045658112,0.08560402598232031,0.10098700504750013,0.7580967918038368,0.11591546330600977,0.096661233343184,0.07252630265429616,0.0976626630872488,21,-0.16439623829154743,17187.6756110759
7,175,583.099258184433,4.071910381317139,42.37466812133789,0.8349248034613473,0.7530208172116961,0.1251138552597591,0.11322800606489182,0.16482422164508276,0.15905700284455504,0.1705914414354733,0.7314993881327765,0.26877191911717613,0.6720520228999002,0.565285850422723,0.8190398425076689,0.15182684386149048,0.5369685857636588,0.1446606997506959,0.9999707937240601,0.5236139799867358,0.1556871496779578,0.15321827918291092,0.15036506950855255,0.11322800606489182,0.0,0.0,0.16482422164508276,0.15905700284455504,0.1705914414354733,0.7314993881327765,0.26877191911717613,0.6720520228999002,0.565285850422723,0.8190398425076689,0.15182684386149048,0.5369685857636588,0.7832262516021729,0.08684903103858232,0.10112173017114401,0.46960414201021194,0.10054223239421844,0.15812032856047153,0.14964335970580578,0.13161787763237953,0.1752195954322815,0.0880161551758647,0.6184405013918877,0.22732836659997702,0.648892730474472,0.5560784190893173,0.633359469473362,0.22732836659997702,0.5560784190893173,0.7845687717199326,0.08562247967347503,0.1030731089413166,0.07638774649240077,0.09632845595479012,0.7811611890792847,0.08971529314294457,0.10326291900128126,0.08768716175109148,0.09984172787517309,0.7839488312602043,0.08520930213853717,0.09702915605157614,0.07373934658244252,0.09576937090605497,MISSING_ROI,MISSING_ROI,0.7460925206542015,0.13147958274930716,0.1033460097387433,0.5178700238466263,0.10454676300287247,0.15961475111544132,0.1505252756178379,0.7433586493134499,0.13547283876687288,0.10722413379698992,0.10239550471305847,0.10383298806846142,0.7452189475297928,0.13305731769651175,0.10616945661604404,0.09545560088008642,0.10098700504750013,0.7496998906135559,0.12590857408940792,0.09664442110806704,0.06996804475784302,0.0976626630872488,21,-0.16162565448099658,18271.417940403735
8,175,677.4721474647522,4.071910381317139,42.456764221191406,0.827720216342381,0.7485943831716265,0.13035621494054794,0.1130852101956095,0.160490049634661,0.1563174234170999,0.16466267579368182,0.7404713958501816,0.26460626203300697,0.6738204056876046,0.5643408564158848,0.7912583168063845,0.1548934291499401,0.5379233767305102,0.12826296082564762,0.9995624423027039,0.522459796837398,0.1546529444200652,0.15382199521575654,0.15036506950855255,0.1130852101956095,0.0,0.0,0.160490049634661,0.1563174234170999,0.16466267579368182,0.7404713958501816,0.26460626203300697,0.6738204056876046,0.5643408564158848,0.7912583168063845,0.1548934291499401,0.5379233767305102,0.7865360155701637,0.08375445660203695,0.10556123312562704,0.5300401039421558,0.1072069713845849,0.11658517457544804,0.14964335970580578,0.25817362405359745,0.4675341956317425,0.04881305363960564,0.34119389578700066,-0.10044062184169888,0.583847276866436,0.4752467907965183,1.2496943175792694,-0.10044062184169888,0.4752467907965183,0.7865472584962845,0.08386312564834952,0.10620191786438227,0.07995721837505698,0.09632845595479012,0.7843172699213028,0.08648316282778978,0.1060197176411748,0.08835291862487793,0.09984172787517309,0.7887435704469681,0.0809170687571168,0.10446204524487257,0.0816945219412446,0.09576937090605497,MISSING_ROI,MISSING_ROI,0.73790492862463,0.14184586890041828,0.10659673810005188,0.5851219594478607,0.10404371749609709,0.11406015697866678,0.1505252756178379,0.7326625511050224,0.1488240882754326,0.11046751774847507,0.0913509912788868,0.10383298806846142,0.7363270819187164,0.14433979708701372,0.10982833057641983,0.09031078219413757,0.10098700504750013,0.7447251453995705,0.13237372133880854,0.09949434828013182,0.07872479315847158,0.0976626630872488,21,-0.18698865955784208,19165.894084447908
9,175,529.4840791225433,4.071910381317139,42.451629638671875,0.8325712428774152,0.7481506913048881,0.13088968877281462,0.1131128260067531,0.1456901172229222,0.14066027085695948,0.15071996412106922,0.7612328852925981,0.24222620403128012,0.6784703026499067,0.5589201399258205,0.8442055111484869,0.12947226489761046,0.531611567565373,0.10329872416598457,0.9991348385810852,0.5203551123823439,0.15169156091553823,0.15509839079209736,0.15036506950855255,0.1131128260067531,0.0,0.0,0.1456901172229222,0.14066027085695948,0.15071996412106922,0.7612328852925981,0.24222620403128012,0.6784703026499067,0.5589201399258205,0.8442055111484869,0.12947226489761046,0.531611567565373,0.789701409637928,0.07959665358066559,0.10351641103625298,0.4879412204027176,0.10808117128908634,0.14587848260998726,0.14964335970580578,0.39826543256640434,0.7193402275443077,0.07719064154662192,0.17671652743592858,-0.17753082537092268,0.5436666160821915,0.45620982348918915,1.4322523772716522,-0.17753082537092268,0.45620982348918915,0.789558619260788,0.08014667080715299,0.1055114883929491,0.0885177357122302,0.09632845595479012,0.78812475502491,0.08164953626692295,0.10443989653140306,0.09566921181976795,0.09984172787517309,0.7914208844304085,0.0769937401637435,0.10059784818440676,0.08770548552274704,0.09576937090605497,MISSING_ROI,MISSING_ROI,0.7418036907911301,0.136444840580225,0.10260861273854971,0.534916665405035,0.10812997166067362,0.1481957510113716,0.1505252756178379,0.7383437380194664,0.14100861456245184,0.10494371131062508,0.09964234847575426,0.10383298806846142,0.7416618391871452,0.13730061892420053,0.10621508024632931,0.09880076069384813,0.10098700504750013,0.7454055026173592,0.13102526031434536,0.0966670336201787,0.08365101926028728,0.0976626630872488,21,-0.18491706296446778,19987.217372610456
10,175,511.4898817539215,4.071910381317139,42.449440002441406,0.8369668766430446,0.7512133642605373,0.1277118979181562,0.11557116035904204,0.15775552134428705,0.15164552916373525,0.16386551343968936,0.7478322891678129,0.2540509010212762,0.6754526230267116,0.5618809383256095,0.8575351050496102,0.12407450472703203,0.5303145389897482,0.08197954464171614,0.9993991851806641,0.521724967445646,0.1542612664614405,0.1556244499342782,0.15036506950855255,0.11557116035904204,0.0,0.0,0.15775552134428705,0.15164552916373525,0.16386551343968936,0.7478322891678129,0.2540509010212762,0.6754526230267116,0.5618809383256095,0.8575351050496102,0.12407450472703203,0.5303145389897482,0.7943536788225174,0.07503396458923817,0.10863887891173363,0.47630276158452034,0.1185012562200427,0.15663653425872326,0.14964335970580578,0.2690222393721342,0.472251258790493,0.06579322111792862,0.3506300337612629,0.010352362092817202,0.5857245698571205,0.5025857202708721,1.0450885593891144,0.010352362092817202,0.5025857202708721,0.7945777922868729,0.0749465236440301,0.10958060156553984,0.09613231988623738,0.09632845595479012,0.7926482632756233,0.07733683660626411,0.11007020995020866,0.10341941099613905,0.09984172787517309,0.7958349511027336,0.07281851838342845,0.10626582149416208,0.0967877833172679,0.09576937090605497,MISSING_ROI,MISSING_ROI,0.7452018782496452,0.13341332785785198,0.10793195478618145,0.5282253101468086,0.11625547427684069,0.1556833628565073,0.1505252756178379,0.7470570504665375,0.1315192012116313,0.10958258528262377,0.10776207782328129,0.10383298806846142,0.7444463595747948,0.1350852558389306,0.11198746785521507,0.10945061407983303,0.10098700504750013,0.7441022843122482,0.13363551069051027,0.10222580004483461,0.09252118412405252,0.0976626630872488,21,-0.1947953588941822,20905.547631496476
11,175,582.7934141159058,4.071910381317139,42.13925552368164,0.8321047340120588,0.7510540679522923,0.12785878517798016,0.1153466917361532,0.18337026489632471,0.18123209381742136,0.18550843528338842,0.7205671060511044,0.2778329132872334,0.6690452926499503,0.5673852155889784,0.810506660767964,0.147737681954833,0.5361507489000048,0.07531612609113966,0.9981185793876648,0.5242254706791469,0.15486429874386107,0.1538303883586611,0.15036506950855255,0.1153466917361532,0.0,0.0,0.18337026489632471,0.18123209381742136,0.18550843528338842,0.7205671060511044,0.2778329132872334,0.6690452926499503,0.5673852155889784,0.810506660767964,0.147737681954833,0.5361507489000048,0.7951720878481865,0.07426371984183788,0.10971021000295877,0.5026327110826969,0.11905140709131956,0.13856897316873074,0.14964335970580578,0.21240023523569107,0.1250798124819994,0.29972066171467304,0.7421713024377823,0.48614243045449257,0.6751899346709251,0.6173701733350754,0.32743585854768753,0.48614243045449257,0.6173701733350754,0.7952447310090065,0.07427363330498338,0.11021638382226229,0.09738274104893208,0.09632845595479012,0.7932509854435921,0.07695356570184231,0.11182500887662172,0.10641384031623602,0.09984172787517309,0.7970205098390579,0.0715639537665993,0.10708923451602459,0.09722764417529106,0.09576937090605497,MISSING_ROI,MISSING_ROI,0.7450136467814445,0.13399478141218424,0.1098080538213253,0.5498428195714951,0.117270702496171,0.1414852300658822,0.1505252756178379,0.7496008947491646,0.1293595926836133,0.11414358671754599,0.113254533149302,0.10383298806846142,0.7422007098793983,0.13791955634951591,0.11283217743039131,0.11119959130883217,0.10098700504750013,0.7432393729686737,0.13470518216490746,0.10244839824736118,0.09434753563255072,0.0976626630872488,21,-0.203112224632475,21683.63895107451
12,175,514.7806944847107,4.071910381317139,42.45198059082031,0.8343461322784423,0.7508243996756417,0.12804879665374755,0.11490883678197861,0.1789752173423767,0.17315750519079823,0.18479292849344867,0.7272896786672728,0.27413461456208355,0.67069194487163,0.5664672805581774,0.8352172960128103,0.13261559631742004,0.5324509583200727,0.08135996968618461,0.9984375834465027,0.5192823774474008,0.1539355280143874,0.15707858481577464,0.15036506950855255,0.11490883678197861,0.0,0.0,0.1789752173423767,0.17315750519079823,0.18479292849344867,0.7272896786672728,0.27413461456208355,0.67069194487163,0.5664672805581774,0.8352172960128103,0.13261559631742004,0.5324509583200727,0.7996695414185524,0.06917046755552292,0.1110798018053174,0.4866764172911644,0.12307179812341928,0.15012438036501408,0.14964335970580578,0.2282461803406477,0.19857396930456161,0.25791839323937893,0.6332537308335304,0.45689643546938896,0.651090607047081,0.6109216436743736,0.34412555024027824,0.45689643546938896,0.6109216436743736,0.7964170277118683,0.07310089422389865,0.11138625908643007,0.1017747214064002,0.09632845595479012,0.7996042668819427,0.06970603950321674,0.11348346527665854,0.11074816901236773,0.09984172787517309,0.8029873669147491,0.06470446498133242,0.10836966801434755,0.10123479552567005,0.09576937090605497,MISSING_ROI,MISSING_ROI,0.745331734418869,0.13359672669321299,0.10970624908804893,0.5429642982780933,0.12606636062264442,0.14615781232714653,0.1505252756178379,0.7497353553771973,0.12892063707113266,0.11267950013279915,0.1137814437970519,0.10383298806846142,0.7419771328568459,0.13815876841545105,0.1126907030120492,0.11158506851643324,0.10098700504750013,0.7442827001214027,0.13371075969189405,0.10374853946268559,0.09862082451581955,0.0976626630872488,21,-0.18953257745930127,22448.40509473142
13,175,572.0929801464081,4.071910381317139,42.434478759765625,0.8332170871325901,0.7475973888805935,0.13161213717290332,0.11344756833144597,0.16955345281532833,0.1676142027016197,0.17149270389761243,0.7422760576089578,0.26019970048551583,0.6738298446791513,0.5631816954272134,0.8561969538245883,0.11595354986909245,0.5284684956073761,0.08888766128037658,0.9974249601364136,0.522310323374612,0.1534970228586878,0.154626473230975,0.15036506950855255,0.11344756833144597,0.0,0.0,0.16955345281532833,0.1676142027016197,0.17149270389761243,0.7422760576089578,0.26019970048551583,0.6738298446791513,0.5631816954272134,0.8561969538245883,0.11595354986909245,0.5284684956073761,0.7967523336410522,0.07225804682821035,0.1090569794178009,0.4900137558579445,0.11191835533827543,0.1472512874752283,0.14964335970580578,0.21219385042786598,0.26263592205941677,0.16175178717821836,0.5392689257860184,0.33034841530025005,0.6300846710801125,0.5809007585048676,0.5010550208389759,0.33034841530025005,0.5809007585048676,0.7945974618196487,0.07519989274442196,0.11103367991745472,0.09548188699409366,0.09632845595479012,0.7958218529820442,0.07362900022417307,0.11043893918395042,0.10508174914866686,0.09984172787517309,0.7998376861214638,0.06794523377902806,0.1056983070448041,0.09518945496529341,0.09576937090605497,MISSING_ROI,MISSING_ROI,0.7403824850916862,0.13917765952646732,0.1080734534189105,0.5348076969385147,0.117866569198668,0.15122594498097897,0.1505252756178379,0.7462516576051712,0.1328089376911521,0.11131998710334301,0.1114887185394764,0.10383298806846142,0.7363032773137093,0.14439471065998077,0.10996784549206495,0.10920780524611473,0.10098700504750013,0.7385925427079201,0.14032931812107563,0.1029325183480978,0.09397629089653492,0.0976626630872488,21,-0.1959455661653053,23017.567853269124
14,175,520.3082163333893,4.071910381317139,42.455623626708984,0.8325176981517247,0.7442387431008475,0.13545814769608633,0.11264758974313736,0.1661041992051261,0.16464950781847748,0.1675588903256825,0.7567158400160926,0.2450263627219413,0.676721442767552,0.559458270583834,0.8827895415680749,0.10557316399029722,0.5259203030381884,0.09247226099882808,0.9973921775817871,0.5209250187873841,0.15460947743483952,0.15517505326441355,0.15036506950855255,0.11264758974313736,0.0,0.0,0.1661041992051261,0.16464950781847748,0.1675588903256825,0.7567158400160926,0.2450263627219413,0.676721442767552,0.559458270583834,0.8827895415680749,0.10557316399029722,0.5259203030381884,0.7976039126515388,0.07129328651353717,0.10931426286697388,0.4924048110842705,0.11618644464761019,0.14543810486793518,0.14964335970580578,0.2555735092610121,0.42641089484095573,0.08473611809313297,0.3820122666656971,0.1987609388306737,0.5933713391423225,0.5490117743611336,0.6872142739593983,0.1987609388306737,0.5490117743611336,0.7952022850513458,0.07423880882561207,0.10976810567080975,0.09604316996410489,0.09632845595479012,0.7941590920090675,0.07558149797841907,0.11029738746583462,0.10574363637715578,0.09984172787517309,0.8034503236413002,0.0640595459844917,0.1078772759065032,0.09987679962068796,0.09576937090605497,MISSING_ROI,MISSING_ROI,0.7378076761960983,0.1421060934662819,0.10735513269901276,0.5390464253723621,0.11461041029542685,0.1481112688779831,0.1505252756178379,0.7415740638971329,0.13773169834166765,0.10792941320687532,0.10559993237257004,0.10383298806846142,0.7333550900220871,0.1479933736845851,0.11043463181704283,0.108026672154665,0.10098700504750013,0.7384939193725586,0.140593190677464,0.10370135400444269,0.09708269964903593,0.0976626630872488,21,-0.19755673151285874,23603.371530873435
15,175,588.6224868297577,4.071910381317139,42.45596694946289,0.8256947439057486,0.7403418087959289,0.13995084869010108,0.11187840104103089,0.15979352787137033,0.15904024892619678,0.1605468078809125,0.7716787293127605,0.22967232810599464,0.6798433092662266,0.5557307977335794,0.8535293520348413,0.11282911383546888,0.5277573689392635,0.10388870856591634,0.9974638223648071,0.5229808938503265,0.15472451278141566,0.1533500845517431,0.15036506950855255,0.11187840104103089,0.0,0.0,0.15979352787137033,0.15904024892619678,0.1605468078809125,0.7716787293127605,0.22967232810599464,0.6798433092662266,0.5557307977335794,0.8535293520348413,0.11282911383546888,0.5277573689392635,0.799997866153717,0.0686978567391634,0.11065044067800045,0.4981267377734184,0.11845516879111528,0.14207930490374565,0.14964335970580578,0.3440402112901211,0.6348953135311604,0.05318511836230755,0.2291101450100541,0.12796829221770167,0.5564734786748886,0.5316317081451416,0.797248587012291,0.12796829221770167,0.5316317081451416,0.7975087240338326,0.07173324190080166,0.1110291751101613,0.0977173438295722,0.09632845595479012,0.7983671575784683,0.07078241650015116,0.1114025441929698,0.10622841399163008,0.09984172787517309,0.8041176721453667,0.06357790366746485,0.10951959434896708,0.10170922987163067,0.09576937090605497,MISSING_ROI,MISSING_ROI,0.7372445687651634,0.1432094294577837,0.1096282284706831,0.5488445609807968,0.11824026796966791,0.14228883385658264,0.1505252756178379,0.7416603192687035,0.13809399586170912,0.11037062387913465,0.10832107160240412,0.10383298806846142,0.7339317500591278,0.14773685578256845,0.11269214376807213,0.10969315469264984,0.10098700504750013,0.7361416444182396,0.14379742927849293,0.10582191310822964,0.09893364552408457,0.0976626630872488,21,-0.20560972875959815,24160.811745391005
16,175,561.3608753681183,4.071910381317139,42.408905029296875,0.8258032768113273,0.7383200396810259,0.14224005345787322,0.11126068511179515,0.1462031288444996,0.1410511562015329,0.15135510257844415,0.7922106658773763,0.20975400015711784,0.684527086189815,0.5509272856371743,0.8748323610850743,0.09963638828402119,0.5245163088185446,0.11214745600308691,0.9987108707427979,0.5224422107424055,0.15412158765963146,0.15344723722764425,0.15036506950855255,0.11126068511179515,0.0,0.0,0.1462031288444996,0.1410511562015329,0.15135510257844415,0.7922106658773763,0.20975400015711784,0.684527086189815,0.5509272856371743,0.8748323610850743,0.09963638828402119,0.5245163088185446,0.7936960458755493,0.07491043489426374,0.10388025734573603,0.48326200619339943,0.1106608398258686,0.1497198659926653,0.14964335970580578,0.4061647318303585,0.7720223739743233,0.040307082468643785,0.15277997561497614,-0.02033398812636733,0.5376024879515171,0.4949398636817932,1.0809751227498055,-0.02033398812636733,0.4949398636817932,0.7908139899373055,0.0783746694214642,0.10405457764863968,0.08670914452522993,0.09632845595479012,0.7927053347229958,0.07642318168655038,0.10563025902956724,0.09451485797762871,0.09984172787517309,0.7975688278675079,0.06993344984948635,0.10195592325180769,0.0897988174110651,0.09576937090605497,MISSING_ROI,MISSING_ROI,0.7326952815055847,0.1471430789679289,0.1018467852845788,0.5386214405298233,0.11127431504428387,0.14586892910301685,0.1505252756178379,0.7347961738705635,0.14493478555232286,0.1033837990835309,0.09747746121138334,0.10383298806846142,0.731228269636631,0.1492843609303236,0.10391977149993181,0.09683259204030037,0.10098700504750013,0.732061393558979,0.1472100792452693,0.09823677223175764,0.08756794780492783,0.0976626630872488,21,-0.20209617789701692,24769.387385504586
17,175,689.7356803417206,4.071910381317139,42.426612854003906,0.8273436965261187,0.7375985990251813,0.14312334758894785,0.11138896448271615,0.14833200580307415,0.14694028266838619,0.1497237289590495,0.7949563636098589,0.2044108025723004,0.6848870440891811,0.5496189437593733,0.8974509672607694,0.08785520392935724,0.5215691089630127,0.1149607669881412,0.9982386827468872,0.5177454088415419,0.15304615442241942,0.1566844047818865,0.15036506950855255,0.11138896448271615,0.0,0.0,0.14833200580307415,0.14694028266838619,0.1497237289590495,0.7949563636098589,0.2044108025723004,0.6848870440891811,0.5496189437593733,0.8974509672607694,0.08785520392935724,0.5215691089630127,0.7957825809717178,0.07278757635504007,0.10577599424868822,0.488117478787899,0.11423095781356096,0.14705699309706688,0.14964335970580578,0.33310532197356224,0.6186452992260456,0.04756534448824823,0.2508260402828455,0.10230469447560608,0.5615512654185295,0.5253674164414406,0.8429560139775276,0.10230469447560608,0.5253674164414406,0.7931105270981789,0.0758498040959239,0.10515249986201525,0.0898509924300015,0.09632845595479012,0.7954337745904922,0.07348164869472384,0.1072399877011776,0.0979861244559288,0.09984172787517309,0.7988033890724182,0.06903126882389188,0.10493549425154924,0.09630272444337606,0.09576937090605497,MISSING_ROI,MISSING_ROI,0.7326558977365494,0.14778395183384418,0.10496517457067966,0.5415522940456867,0.11015678569674492,0.14538267441093922,0.1505252756178379,0.7364102005958557,0.14346574619412422,0.10575908422470093,0.09952204674482346,0.10383298806846142,0.7308325320482254,0.1505705462768674,0.10819886438548565,0.10084530804306269,0.10098700504750013,0.7307249382138252,0.14931553788483143,0.10093756020069122,0.09299708344042301,0.0976626630872488,21,-0.19799332630576655,25541.644112422353
18,175,540.888669013977,4.071910381317139,42.414913177490234,0.8256843141147069,0.7357610160963876,0.14524881550243923,0.1110627960733005,0.14498498765485626,0.1419324675734554,0.14803750766175133,0.8027714113678251,0.1983301188257922,0.6865892999512808,0.5481289076805115,0.8992329915080751,0.08503238693677953,0.5208789619377682,0.11567270566310202,0.9987347722053528,0.5125019667829787,0.15372039139270782,0.16016147958380836,0.15036506950855255,0.1110627960733005,0.0,0.0,0.14498498765485626,0.1419324675734554,0.14803750766175133,0.8027714113678251,0.1983301188257922,0.6865892999512808,0.5481289076805115,0.8992329915080751,0.08503238693677953,0.5208789619377682,0.7993657514452934,0.06924931239336729,0.10959497466683388,0.4913160093128681,0.11593660339713097,0.14652887545526028,0.14964335970580578,0.4226616211235523,0.7884560115635395,0.05686723138205707,0.1500915656797588,-0.004555701860226691,0.5368617847561836,0.4988742843270302,1.0659786984324455,-0.004555701860226691,0.4988742843270302,0.7960212007164955,0.07310366537421942,0.10892681311815977,0.09554835129529238,0.09632845595479012,0.7989036440849304,0.06986590987071395,0.10994394402951002,0.10302344150841236,0.09984172787517309,0.8031724393367767,0.06477835238911211,0.10991415940225124,0.10276942513883114,0.09576937090605497,MISSING_ROI,MISSING_ROI,0.7347496598958969,0.1458601877093315,0.10795144457370043,0.5435293614864349,0.11570724099874496,0.14541163854300976,0.1505252756178379,0.7396789863705635,0.1400568662211299,0.10829234588891268,0.10468466207385063,0.10383298806846142,0.7310964241623878,0.15057040005922318,0.10984742268919945,0.1060324227437377,0.10098700504750013,0.7334735542535782,0.1469532698392868,0.10571456234902143,0.10018943529576063,0.0976626630872488,21,-0.19515243611697639,26127.94018955174
19,175,510.17969489097595,4.071910381317139,42.447853088378906,0.8293758944102696,0.7358546396664211,0.1452832475730351,0.11182870630707059,0.1401548518879073,0.13506120107003622,0.14524850319538798,0.8132297905002321,0.1888066727495087,0.6888896693502153,0.5458163491317204,0.9352125356878553,0.07082277286946399,0.5175875975404467,0.11625145433204515,0.9996021389961243,0.5143512935297829,0.15413780970232827,0.1594378295966557,0.15036506950855255,0.11182870630707059,0.0,0.0,0.1401548518879073,0.13506120107003622,0.14524850319538798,0.8132297905002321,0.1888066727495087,0.6888896693502153,0.5458163491317204,0.9352125356878553,0.07082277286946399,0.5175875975404467,0.8036075606942177,0.06485858839005232,0.1130549730733037,0.48650815710425377,0.12022229842841625,0.15164493024349213,0.14964335970580578,0.5397251024842262,0.9940348193049431,0.08541538845747709,0.03854461621813243,-0.1371187549084425,0.5095904916524887,0.46637865900993347,1.3596530109643936,-0.1371187549084425,0.46637865900993347,0.8019427359104156,0.06684606615453959,0.11308420170098543,0.10082281846553087,0.09632845595479012,0.8013181388378143,0.06758713675662875,0.1130709471181035,0.10884461924433708,0.09984172787517309,0.8075618073344231,0.06014255131594837,0.11300976015627384,0.107679626904428,0.09576937090605497,MISSING_ROI,MISSING_ROI,0.7375506311655045,0.142921295017004,0.11002835538238287,0.5399383120238781,0.1251530097797513,0.14880802109837532,0.1505252756178379,0.7396572157740593,0.14037157408893108,0.10980853345245123,0.10585887264460325,0.10383298806846142,0.7341845259070396,0.14718018006533384,0.11134947184473276,0.10920182522386312,0.10098700504750013,0.7388101294636726,0.14121211972087622,0.10892706643790007,0.10583989880979061,0.0976626630872488,21,-0.17817579648856605,26694.729373562903
20,175,676.7798380851746,4.071910381317139,42.41404342651367,0.8244979541642325,0.7342406800815038,0.1469176578947476,0.11032210814101355,0.13958960020116398,0.13743028487477985,0.1417489161023072,0.8135258998189654,0.18587415684779574,0.6888296675682067,0.5451136224610464,0.9025727214132037,0.08067470684913652,0.5198588718686785,0.12540240998779023,0.9998587369918823,0.5224663473878588,0.15482621622937065,0.1532465279528073,0.15036506950855255,0.11032210814101355,0.0,0.0,0.13958960020116398,0.13743028487477985,0.1417489161023072,0.8135258998189654,0.18587415684779574,0.6888296675682067,0.5451136224610464,0.9025727214132037,0.08067470684913652,0.5198588718686785,0.8018931448459625,0.06679157726466656,0.11248796712607145,0.4777058996260166,0.12587381433695555,0.15755946934223175,0.14964335970580578,0.31996141746640205,0.5797620974481106,0.0601607421413064,0.2780110239982605,0.1270137705578236,0.5681867226958275,0.5314063653349876,0.8061332404613495,0.1270137705578236,0.5314063653349876,0.7991924583911896,0.06943397829309106,0.10948144271969795,0.09888905752450228,0.09632845595479012,0.8019153252243996,0.0671530575491488,0.1145245311781764,0.1092275744304061,0.09984172787517309,0.8045715913176537,0.06378769036382437,0.11345791444182396,0.1090166736394167,0.09576937090605497,MISSING_ROI,MISSING_ROI,0.7359080761671066,0.14471433497965336,0.10917581152170897,0.5332556739449501,0.12288859020918608,0.1531461663544178,0.1505252756178379,0.73759975284338,0.14236269518733025,0.1074027456343174,0.10389208793640137,0.10383298806846142,0.7337896376848221,0.1475337315350771,0.11073740385472775,0.10893453285098076,0.10098700504750013,0.7363348230719566,0.14424656610935926,0.10938727390021086,0.10788458399474621,0.0976626630872488,21,-0.17160321789838018,27231.59855620634
21,175,581.5611276626587,4.071910381317139,42.42762756347656,0.825674946308136,0.7331001452037267,0.14841606446674893,0.11106039771011897,0.13111674798386438,0.129982493860381,0.13225100284176214,0.822222169978278,0.17587685229522843,0.6908190761293683,0.5427939539296286,0.9257480127470834,0.06776772800300802,0.5166838577815465,0.12717119732073376,0.9998414516448975,0.5228163426262992,0.1561738379938262,0.15349640931401934,0.15036506950855255,0.11106039771011897,0.0,0.0,0.13111674798386438,0.129982493860381,0.13225100284176214,0.822222169978278,0.17587685229522843,0.6908190761293683,0.5427939539296286,0.9257480127470834,0.06776772800300802,0.5166838577815465,0.8020091578364372,0.06623737420886755,0.11030370090156794,0.4687019884586334,0.1152654942125082,0.16341225430369377,0.14964335970580578,0.2511431761085987,0.34241411089897156,0.1598722394555807,0.49188702553510666,0.3202780280262232,0.6183088719844818,0.5782565250992775,0.5193162150681019,0.3202780280262232,0.5782565250992775,0.7983996123075485,0.0704971244558692,0.11010778788477182,0.09478448797017336,0.09632845595479012,0.8044485300779343,0.06376334046944976,0.1125610452145338,0.10377566237002611,0.09984172787517309,0.8031793385744095,0.0644516539759934,0.1082422686740756,0.09938349667936563,0.09576937090605497,MISSING_ROI,MISSING_ROI,0.7415155172348022,0.13807445764541626,0.10936301853507757,0.5163509771227837,0.1183094484731555,0.1655200943350792,0.1505252756178379,0.7446285337209702,0.13471800088882446,0.11119807697832584,0.10938787274062634,0.10383298806846142,0.7393672317266464,0.14101734478026628,0.11138636711984873,0.10881798900663853,0.10098700504750013,0.7405507788062096,0.13848803471773863,0.10550461895763874,0.09772911481559277,0.0976626630872488,21,-0.17797475503314109,27841.50501737992
22,175,585.3132030963898,4.071910381317139,42.4351921081543,0.8228453571455819,0.7307570467676435,0.1510930688892092,0.1104702974643026,0.13497657545975275,0.13436917074024676,0.13558398034955774,0.8236072457688195,0.1770013517206202,0.6909227408681597,0.5429781787736075,0.9208831034387861,0.07025904639401623,0.5172943026678902,0.1210822834287371,0.9999459981918335,0.5127871678556715,0.155799095417772,0.15996400509561812,0.15036506950855255,0.1104702974643026,0.0,0.0,0.13497657545975275,0.13436917074024676,0.13558398034955774,0.8236072457688195,0.1770013517206202,0.6909227408681597,0.5429781787736075,0.9208831034387861,0.07025904639401623,0.5172943026678902,0.8009279742836952,0.06824371963739395,0.11407944746315479,0.4828547462821007,0.11947184056043625,0.15548766404390335,0.14964335970580578,0.29681573435664177,0.48500801250338554,0.10862345341593027,0.3461090438067913,0.24902888387441635,0.5845525339245796,0.5611703991889954,0.6105657368898392,0.24902888387441635,0.5611703991889954,0.8004239648580551,0.0689844056032598,0.11481805611401796,0.10304869618266821,0.09632845595479012,0.8006646633148193,0.0684834043495357,0.11369209736585617,0.1085500456392765,0.09984172787517309,0.8016952723264694,0.06726334616541862,0.11372817773371935,0.10893723368644714,0.09576937090605497,MISSING_ROI,MISSING_ROI,0.7354833632707596,0.14579058066010475,0.11217173002660275,0.5294203385710716,0.12394068762660027,0.15777654387056828,0.1505252756178379,0.7386636883020401,0.14213227946311235,0.11284255422651768,0.11409119889140129,0.10383298806846142,0.7313315272331238,0.15088272094726562,0.11295656766742468,0.113572021946311,0.10098700504750013,0.7364549040794373,0.14435672760009766,0.11071605514734983,0.10800289828330278,0.0976626630872488,21,-0.19514704779500053,28366.14176217147
23,175,552.9246544837952,4.071910381317139,42.456398010253906,0.8252042937278747,0.7300914066178458,0.15185315600463323,0.11030049106904438,0.12498659806592124,0.12229336506554059,0.12767983158784255,0.844679011787687,0.15970341032637017,0.6955218614850726,0.5388247070993696,0.9511288453851428,0.05505518411219652,0.5135510468482971,0.12427996988807406,0.9998192191123962,0.5131623727934701,0.15486834377050399,0.15954942200865063,0.15036506950855255,0.11030049106904438,0.0,0.0,0.12498659806592124,0.12229336506554059,0.12767983158784255,0.844679011787687,0.15970341032637017,0.6955218614850726,0.5388247070993696,0.9511288453851428,0.05505518411219652,0.5135510468482971,0.804319366812706,0.06421441910788417,0.11412190366536379,0.48227889463305473,0.1262827916070819,0.15501468814909458,0.14964335970580578,0.5155022144317627,0.9806949645280838,0.05030946573242545,0.03411631588824093,-0.09393701096996665,0.5084662809967995,0.47681938484311104,1.2381835579872131,-0.09393701096996665,0.47681938484311104,0.8016573116183281,0.06683627096936107,0.11124872788786888,0.09987622126936913,0.09632845595479012,0.8035444542765617,0.06521872989833355,0.1145512443035841,0.10929955448955297,0.09984172787517309,0.8077563792467117,0.06058825785294175,0.11656573694199324,0.11348100285977125,0.09576937090605497,MISSING_ROI,MISSING_ROI,0.7351414188742638,0.14597716182470322,0.11101401038467884,0.5377726145088673,0.12369141541421413,0.1514263916760683,0.1505252756178379,0.734086163341999,0.14673520158976316,0.10839851386845112,0.10641090851277113,0.10383298806846142,0.7345046177506447,0.1469817142933607,0.11230797506868839,0.11117908172309399,0.10098700504750013,0.736833430826664,0.14421456400305033,0.11233553476631641,0.11222675442695618,0.0976626630872488,21,-0.1892653444693202,28874.859429969674
24,175,671.4505610466003,4.071910381317139,42.401180267333984,0.8243369657652718,0.7295984639440264,0.15233772030898504,0.10976355114153453,0.12731387498123306,0.12661938989801066,0.12800835940454688,0.8371403157711029,0.16192876632059258,0.69385418176651,0.5393754034382956,0.9473850122519902,0.05769897421988259,0.5141842092786516,0.13382898245538985,0.9999949932098389,0.5198371221338,0.15551062396594456,0.1548459426845823,0.15036506950855255,0.10976355114153453,0.0,0.0,0.12731387498123306,0.12661938989801066,0.12800835940454688,0.8371403157711029,0.16192876632059258,0.69385418176651,0.5393754034382956,0.9473850122519902,0.05769897421988259,0.5141842092786516,0.7978791147470474,0.07037986814975739,0.10623889695852995,0.48905541375279427,0.11683150287717581,0.14736950770020485,0.14964335970580578,0.31949615478515625,0.559628926217556,0.07936338987201452,0.2983601354062557,0.1439485417213291,0.5729065909981728,0.5354253798723221,0.7914663627743721,0.1439485417213291,0.5354253798723221,0.7958977743983269,0.07244560727849603,0.104700674302876,0.08971118228510022,0.09632845595479012,0.797526977956295,0.07102566445246339,0.10742842685431242,0.09761772956699133,0.09984172787517309,0.8002125918865204,0.06766832829453051,0.10658758413046598,0.09855176508426666,0.09576937090605497,MISSING_ROI,MISSING_ROI,0.731328971683979,0.14921459555625916,0.10418278630822897,0.5428476743400097,0.11366667225956917,0.1449615266174078,0.1505252756178379,0.7305687069892883,0.15001414995640516,0.10362887661904097,0.09737211931496859,0.10383298806846142,0.731179267168045,0.14969304483383894,0.1057590339332819,0.09918436128646135,0.10098700504750013,0.7322389185428619,0.14793656952679157,0.10316043999046087,0.0979993985965848,0.0976626630872488,21,-0.1919073448294685,29448.628148357075
25,175,626.5341999530792,4.071910381317139,42.44464111328125,0.8233954150336129,0.7286601703507559,0.15341266248907362,0.10954267757279532,0.13181495423827852,0.13230198408876145,0.1313279249412673,0.8295307135581971,0.1678157842372145,0.6921763260023934,0.540758877652032,0.9473524260520935,0.057691770414156573,0.5141961927073343,0.13130814501217433,0.999980092048645,0.521360342332295,0.154726865036147,0.15373196278299603,0.15036506950855255,0.10954267757279532,0.0,0.0,0.13181495423827852,0.13230198408876145,0.1313279249412673,0.8295307135581971,0.1678157842372145,0.6921763260023934,0.540758877652032,0.9473524260520935,0.057691770414156573,0.5141961927073343,0.7973192632198334,0.07154494104906917,0.10885654296725988,0.4963795579969883,0.12051227409392595,0.1432915050536394,0.14964335970580578,0.30133710242807865,0.33899087831377983,0.2636833246797323,0.5155373588204384,0.3793185353279114,0.6227778792381287,0.590667612850666,0.5050463043153286,0.3793185353279114,0.590667612850666,0.795502170920372,0.0734616219997406,0.10756220482289791,0.09530893992632627,0.09632845595479012,0.7966525852680206,0.07249983353540301,0.10970295034348965,0.10197511129081249,0.09984172787517309,0.7998030707240105,0.06867336155846715,0.1093044700101018,0.10213433764874935,0.09576937090605497,MISSING_ROI,MISSING_ROI,0.7293058410286903,0.15219545364379883,0.10718786250799894,0.5489537306129932,0.118697389960289,0.14187986589968204,0.1505252756178379,0.7307685017585754,0.15057729184627533,0.10783400014042854,0.10490500833839178,0.10383298806846142,0.7270972356200218,0.15508330427110195,0.10854511428624392,0.10493078175932169,0.10098700504750013,0.7300518676638603,0.15092574432492256,0.10518446564674377,0.10182339139282703,0.0976626630872488,21,-0.21734141930937767,30048.023590553374
26,175,647.7859392166138,4.071910381317139,42.39854049682617,0.8223883254187447,0.7270819428988865,0.15519032069614955,0.10901148336274283,0.13298076484884536,0.12969284227916172,0.1362686871151839,0.8314914677824293,0.16827359693191413,0.6926452221189227,0.5408445567744119,0.9530637875625065,0.05560475727177358,0.5136822622162955,0.13045740595885685,0.9999878406524658,0.5169581203801291,0.1544302143369402,0.1564317015664918,0.15036506950855255,0.10901148336274283,0.0,0.0,0.13298076484884536,0.12969284227916172,0.1362686871151839,0.8314914677824293,0.16827359693191413,0.6926452221189227,0.5408445567744119,0.9530637875625065,0.05560475727177358,0.5136822622162955,0.7991227209568024,0.06965850992128253,0.11022434011101723,0.49277254939079285,0.11903868243098259,0.1464488748461008,0.14964335970580578,0.28573157265782356,0.3931613527238369,0.1783017972484231,0.44032951071858406,0.3220678102225065,0.6061621457338333,0.5782662928104401,0.5341662392020226,0.3220678102225065,0.5782662928104401,0.7965106070041656,0.07256349269300699,0.1091497065499425,0.09749482106417418,0.09632845595479012,0.7976180613040924,0.07160948542878032,0.1110628554597497,0.10419302433729172,0.09984172787517309,0.8032395020127296,0.06480255257338285,0.1104604471474886,0.10386146791279316,0.09576937090605497,MISSING_ROI,MISSING_ROI,0.7284894362092018,0.15387190133333206,0.11088659148663282,0.5382027477025986,0.11702937353402376,0.15122358314692974,0.1505252756178379,0.7301858589053154,0.15226288326084614,0.1130419485270977,0.11124140210449696,0.10383298806846142,0.7286635190248489,0.15426580049097538,0.11404254380613565,0.10941159166395664,0.10098700504750013,0.7266189306974411,0.15508700534701347,0.10557528119534254,0.10223285667598248,0.0976626630872488,21,-0.20037805665993974,30550.67597622531
27,175,681.081547498703,4.071910381317139,42.41815948486328,0.8234483667782375,0.7266711776597159,0.15588706518922532,0.11010210709912437,0.122210456601211,0.12292967681373869,0.12149123524980886,0.8447466869439397,0.15885597535275986,0.6955208458219255,0.5386729334081922,0.9677718673433576,0.04580353335610458,0.5113073347296033,0.1248424813577107,0.9999911785125732,0.515612348658698,0.15535920351743698,0.15796290103878294,0.15036506950855255,0.11010210709912437,0.0,0.0,0.122210456601211,0.12292967681373869,0.12149123524980886,0.8447466869439397,0.15885597535275986,0.6955208458219255,0.5386729334081922,0.9677718673433576,0.04580353335610458,0.5113073347296033,0.7973252907395363,0.07170924730598927,0.10975667834281921,0.5059305354952812,0.11007646564394236,0.13726150337606668,0.14964335970580578,0.45816370844841003,0.8829194828867912,0.03340793796814978,0.08448166761081666,-0.0013060313649475574,0.5208640657365322,0.49973757192492485,1.0360201001167297,-0.0013060313649475574,0.49973757192492485,0.7938826382160187,0.07598674111068249,0.11069705709815025,0.09236009418964386,0.09632845595479012,0.7946351543068886,0.07464585499837995,0.10836067982017994,0.09890058916062117,0.09984172787517309,0.8034580275416374,0.06449513812549412,0.11021229159086943,0.09939354564994574,0.09576937090605497,MISSING_ROI,MISSING_ROI,0.7278625816106796,0.15401887521147728,0.10774030908942223,0.5479402244091034,0.11100444756448269,0.14351309183984995,0.1505252756178379,0.7272665202617645,0.15464523900300264,0.10730333905667067,0.10376745648682117,0.10383298806846142,0.7289380356669426,0.15303097385913134,0.10927546210587025,0.1034794133156538,0.10098700504750013,0.7273831889033318,0.15438039414584637,0.10664211586117744,0.09901307802647352,0.0976626630872488,21,-0.21188872857462793,30933.300030248505
28,175,680.0349433422089,4.071910381317139,42.382110595703125,0.8240562813622611,0.7260810630662101,0.15654530474117825,0.1098696528162275,0.11212298448596682,0.10921258478292398,0.11503338397613594,0.8580442625709942,0.1468865016284066,0.6986655082021441,0.5358330481392997,0.9797521661009108,0.03804592172482184,0.509377019235066,0.12792841468538557,0.999994158744812,0.5204017736230577,0.15728759667703082,0.15471360862255096,0.15036506950855255,0.1098696528162275,0.0,0.0,0.11212298448596682,0.10921258478292398,0.11503338397613594,0.8580442625709942,0.1468865016284066,0.6986655082021441,0.5358330481392997,0.9797521661009108,0.03804592172482184,0.509377019235066,0.7926268428564072,0.07591618783771992,0.10247788950800896,0.49694184958934784,0.09656494483351707,0.14160634949803352,0.14964335970580578,0.6955806165933609,1.2838936299085617,0.10726762283593416,-0.11463221628218889,-0.2617962285876274,0.4715937711298466,0.4355793669819832,1.6308601051568985,-0.2617962285876274,0.4355793669819832,0.7874670177698135,0.08277546614408493,0.10624014586210251,0.07912007439881563,0.09632845595479012,0.7947522029280663,0.07316060969606042,0.10129460226744413,0.08755756914615631,0.09984172787517309,0.7956613227725029,0.07181248255074024,0.09989891573786736,0.08458852302283049,0.09576937090605497,MISSING_ROI,MISSING_ROI,0.7325537502765656,0.1472240537405014,0.10138734616339207,0.5359327010810375,0.10188020206987858,0.1499695647507906,0.1505252756178379,0.7329711019992828,0.1471057254821062,0.10337461438030005,0.0963283060118556,0.10383298806846142,0.7336422950029373,0.14624447654932737,0.10304795671254396,0.09435972757637501,0.10098700504750013,0.7310478612780571,0.14832193404436111,0.09773946087807417,0.08220444992184639,0.0976626630872488,21,-0.2308190499565431,31379.86067794618
29,175,601.5526576042175,4.071910381317139,42.40190505981445,0.8252659440040588,0.7251969460078648,0.1574911447933742,0.10930958130529948,0.11995065806167467,0.11826827152499131,0.12163304558289903,0.8446319149221693,0.1556527860103441,0.6956592082977295,0.5379079915796008,1.0006899702548981,0.031406771299163146,0.5077995308807918,0.11719011628202029,0.9999949932098389,0.5141453795773643,0.1574343844822475,0.158493486898286,0.15036506950855255,0.10930958130529948,0.0,0.0,0.11995065806167467,0.11826827152499131,0.12163304558289903,0.8446319149221693,0.1556527860103441,0.6956592082977295,0.5379079915796008,1.0006899702548981,0.031406771299163146,0.5077995308807918,0.8005941286683083,0.06805229745805264,0.11098798830062151,0.44711336866021156,0.11911207344383001,0.17893328331410885,0.14964335970580578,0.6429836377501488,1.1725268140435219,0.11344043258577585,-0.056522947328630835,-0.23595009930431843,0.4860481843352318,0.4420710653066635,1.5853406339883804,-0.23595009930431843,0.4420710653066635,0.7963070720434189,0.07277874508872628,0.10900772549211979,0.08850660733878613,0.09632845595479012,0.8011692687869072,0.06775917811319232,0.11304386239498854,0.09819659404456615,0.09984172787517309,0.8043060153722763,0.06361896870657802,0.11091236304491758,0.0961528280749917,0.09576937090605497,MISSING_ROI,MISSING_ROI,0.7327276915311813,0.1483879815787077,0.10858514159917831,0.5101468376815319,0.12393907643854618,0.16899635456502438,0.1505252756178379,0.7334713488817215,0.14747574273496866,0.10844363644719124,0.10056962724775076,0.10383298806846142,0.7322690859436989,0.1487610014155507,0.10767724923789501,0.09965702798217535,0.10098700504750013,0.732442669570446,0.1489271903410554,0.10963453073054552,0.09397818986326456,0.0976626630872488,21,-0.21679678730808,31844.11336444673
30,175,631.3238704204559,4.071910381317139,42.413570404052734,0.8218788041387286,0.7241838359832764,0.15852276989391872,0.10839368513652256,0.11797466892216887,0.11547900782099792,0.1204703301936388,0.850642934356417,0.14884351130042758,0.6969461291176933,0.5362423520428794,0.9769496829169138,0.04046387328433671,0.5099841635567801,0.12031179006610598,0.9999985694885254,0.5178691421236311,0.15545344344207218,0.15553723105362482,0.15036506950855255,0.10839368513652256,0.0,0.0,0.11797466892216887,0.11547900782099792,0.1204703301936388,0.850642934356417,0.14884351130042758,0.6969461291176933,0.5362423520428794,0.9769496829169138,0.04046387328433671,0.5099841635567801,0.7870301827788353,0.08214036747813225,0.1001755902543664,0.48205024749040604,0.10139134153723717,0.15016774646937847,0.14964335970580578,0.41790004447102547,0.7686327025294304,0.0671673845499754,0.16799962054938078,0.038367350098269526,0.5411288812756538,0.5092806667089462,0.9904327541589737,0.038367350098269526,0.5092806667089462,0.7805221453309059,0.09004457946866751,0.10099758580327034,0.07858352595940232,0.09632845595479012,0.7892585471272469,0.07966762874275446,0.10112107917666435,0.08742373622953892,0.09984172787517309,0.7913098111748695,0.07670888444408774,0.09840810671448708,0.0852185357362032,0.09576937090605497,MISSING_ROI,MISSING_ROI,0.7210279181599617,0.16068134270608425,0.1000017449259758,0.5281951911747456,0.10665012989193201,0.15342887677252293,0.1505252756178379,0.7196230366826057,0.1626797914505005,0.10171306505799294,0.09750586096197367,0.10383298806846142,0.720447950065136,0.16173312067985535,0.10189872141927481,0.09499102085828781,0.10098700504750013,0.7230127975344658,0.15763110853731632,0.09639343805611134,0.08298150915652514,0.0976626630872488,21,-0.22256596376107718,32260.92652163619
31,175,648.3490648269653,4.071910381317139,42.39763641357422,0.8241913196018764,0.7239285227230617,0.15896658573831832,0.10912799720253263,0.11798047007194587,0.11458359506513391,0.12137734499360833,0.8454512335572923,0.1512224600177225,0.695962221963065,0.536826251745224,1.0026279532909392,0.02866550899210519,0.507062680040087,0.12068399220705033,0.9999978542327881,0.5202550402709416,0.15522865159170968,0.15449744220290865,0.15036506950855255,0.10912799720253263,0.0,0.0,0.11798047007194587,0.11458359506513391,0.12137734499360833,0.8454512335572923,0.1512224600177225,0.695962221963065,0.536826251745224,1.0026279532909392,0.02866550899210519,0.507062680040087,0.7991981729865074,0.0694900588132441,0.10981150157749653,0.4899846874177456,0.12263711169362068,0.14841360971331596,0.14964335970580578,0.3688245601952076,0.5106247961521149,0.22702432423830032,0.3553924821317196,0.3978993147611618,0.5858890861272812,0.5965483039617538,0.4312257468700409,0.3978993147611618,0.5965483039617538,0.7943815737962723,0.07476609153673053,0.10740694589912891,0.09731369093060493,0.09632845595479012,0.7985565364360809,0.0705218049697578,0.11121790017932653,0.10495827067643404,0.09984172787517309,0.8046564161777496,0.06318227318115532,0.11080964840948582,0.10622317437082529,0.09576937090605497,MISSING_ROI,MISSING_ROI,0.726739376783371,0.15548534877598286,0.10841931588947773,0.5392237789928913,0.11969802435487509,0.14987052232027054,0.1505252756178379,0.7257766425609589,0.15663360711187124,0.10843065194785595,0.10776241682469845,0.10383298806846142,0.7292026504874229,0.15301792044192553,0.11086076591163874,0.10908777453005314,0.10098700504750013,0.7252388373017311,0.15680449642241,0.10596652328968048,0.10511648003011942,0.0976626630872488,21,-0.2825413836121914,32662.117371286666
32,175,627.4835324287415,4.071910381317139,42.39213562011719,0.826446715763637,0.7240201881953648,0.15889133087226323,0.10930583119392395,0.1120873877618994,0.10506425591451782,0.11911051976893629,0.8620665895938874,0.14095451379261378,0.6995852558953422,0.5343149392945425,1.0242652685301645,0.018941956024084772,0.5046915357453482,0.11184189975261688,0.9999982118606567,0.51391607267516,0.15751380290303912,0.15874281930071968,0.15036506950855255,0.10930583119392395,0.0,0.0,0.1120873877618994,0.10506425591451782,0.11911051976893629,0.8620665895938874,0.14095451379261378,0.6995852558953422,0.5343149392945425,1.0242652685301645,0.018941956024084772,0.5046915357453482,0.7966883331537247,0.07216868130490184,0.10818781238049269,0.4877748191356659,0.11931027472019196,0.14890960231423378,0.14964335970580578,0.4525933265686035,0.8115749321877956,0.0936117353849113,0.1423761345213279,0.13652961887419224,0.5346842855215073,0.5334208011627197,0.820552546530962,0.13652961887419224,0.5334208011627197,0.7911811918020248,0.07848936785012484,0.10695169866085052,0.09650318138301373,0.09632845595479012,0.7963497787714005,0.07284426596015692,0.10961869265884161,0.10284161102026701,0.09984172787517309,0.8025340437889099,0.06517240009270608,0.1079930355772376,0.1023513088002801,0.09576937090605497,MISSING_ROI,MISSING_ROI,0.7290011718869209,0.1527608409523964,0.10825183056294918,0.5364290289580822,0.11962080374360085,0.15102542005479336,0.1505252756178379,0.7279713526368141,0.15420727990567684,0.10940937139093876,0.11024554818868637,0.10383298806846142,0.7285099104046822,0.15384415350854397,0.11086885537952185,0.10969417914748192,0.10098700504750013,0.7305222302675247,0.1502310736104846,0.10447724629193544,0.10126863326877356,0.0976626630872488,21,-0.3115893584631738,33058.9115103767
33,175,586.9234125614166,4.071910381317139,42.38590621948242,0.8285431824411664,0.7239530903952462,0.1589944337947028,0.10942774977002825,0.1131842560001782,0.10742096067539283,0.11894755088325058,0.857870922940118,0.1452924631190087,0.6986556673049926,0.5353274926117488,1.0459009177344185,0.012024092571809888,0.5030965072768075,0.10807958552879947,0.9999970197677612,0.5127685734203884,0.15748690319912775,0.15960265121289663,0.15036506950855255,0.10942774977002825,0.0,0.0,0.1131842560001782,0.10742096067539283,0.11894755088325058,0.857870922940118,0.1452924631190087,0.6986556673049926,0.5353274926117488,1.0459009177344185,0.012024092571809888,0.5030965072768075,0.7905815616250038,0.07848241366446018,0.10316763538867235,0.4924391321837902,0.10829913057386875,0.1443511452525854,0.14964335970580578,0.6149816103279591,1.1727197542786598,0.05724348220974207,-0.060880419179738965,-0.062388796504819766,0.48496248573064804,0.48456332460045815,1.182021126151085,-0.062388796504819766,0.48456332460045815,0.7848773151636124,0.08535458100959659,0.10359492152929306,0.08696214761584997,0.09632845595479012,0.7875931784510612,0.08209526911377907,0.103457722812891,0.09363200981169939,0.09984172787517309,0.799274206161499,0.06799738574773073,0.10245025623589754,0.09130392223596573,0.09576937090605497,MISSING_ROI,MISSING_ROI,0.725982278585434,0.15549171529710293,0.10372093506157398,0.5345496237277985,0.10809607617557049,0.1512129232287407,0.1505252756178379,0.7259629219770432,0.15609284490346909,0.10675578191876411,0.10252789035439491,0.10383298806846142,0.7245509251952171,0.1575809381902218,0.10574333276599646,0.10010853875428438,0.10098700504750013,0.7274330332875252,0.15280135162174702,0.09866368398070335,0.08981922920793295,0.0976626630872488,21,-0.30221099805619034,33511.798093784426
34,175,680.2956907749176,4.071910381317139,42.408531188964844,0.8261117615018572,0.7222372320720127,0.1608467022861753,0.10842801702874047,0.11487336287541049,0.10670056757118021,0.12304615822221551,0.8551920936788832,0.14373946259155804,0.6981720311301095,0.5349625022070749,1.0387452805042268,0.014570707947547947,0.5036349833011627,0.11509942322969437,0.9999986886978149,0.5142894080707006,0.15581413733107702,0.15804385653563907,0.15036506950855255,0.10842801702874047,0.0,0.0,0.11487336287541049,0.10670056757118021,0.12304615822221551,0.8551920936788832,0.14373946259155804,0.6981720311301095,0.5349625022070749,1.0387452805042268,0.014570707947547947,0.5036349833011627,0.7912406325340271,0.07813170878216624,0.10544555261731148,0.4926319234073162,0.10846801567822695,0.14464854821562767,0.14964335970580578,0.4504500664770603,0.8632191568613052,0.037680980982258916,0.09393979131709784,0.06085268934839405,0.5232247300446033,0.5150722153484821,0.9159756451845169,0.06085268934839405,0.5150722153484821,0.7883976474404335,0.08162425179034472,0.1060127979144454,0.08880483126267791,0.09632845595479012,0.7874928712844849,0.08253281470388174,0.1051278654485941,0.09666063264012337,0.09984172787517309,0.7978313714265823,0.07023805542849004,0.10519598703831434,0.0959269693121314,0.09576937090605497,MISSING_ROI,MISSING_ROI,0.7232177332043648,0.15908936597406864,0.10533014498651028,0.5339752659201622,0.11185174342244864,0.15205070935189724,0.1505252756178379,0.7235940173268318,0.1589723788201809,0.10706779174506664,0.10516084264963865,0.10383298806846142,0.7229633927345276,0.15974826365709305,0.10719981510192156,0.10417469963431358,0.10098700504750013,0.7230957895517349,0.15854743495583534,0.10172281693667173,0.09470720589160919,0.0976626630872488,21,-0.32539746990161283,33949.00938901447
35,175,677.7767925262451,4.071910381317139,42.41292190551758,0.8236511101041522,0.7213616974013193,0.16178031648908342,0.10785745084285736,0.11303843788802624,0.10775129037243979,0.11832558564841747,0.8590600810732161,0.14115896539230433,0.6988915276527404,0.5343710117680686,1.022894127709525,0.019392031595811463,0.5047984225409371,0.11862280977623803,0.9999994039535522,0.5194791236945561,0.15502263682229178,0.15448541811534336,0.15036506950855255,0.10785745084285736,0.0,0.0,0.11303843788802624,0.10775129037243979,0.11832558564841747,0.8590600810732161,0.14115896539230433,0.6988915276527404,0.5343710117680686,1.022894127709525,0.019392031595811463,0.5047984225409371,0.7945017665624619,0.07489912211894989,0.1088566156104207,0.5121593698859215,0.11088461522012949,0.13336876407265663,0.14964335970580578,0.5086961574852467,0.9731469601392746,0.04424535483121872,0.028800741594750434,0.0808224166976288,0.5071720518171787,0.5199861526489258,0.8826005756855011,0.0808224166976288,0.5199861526489258,0.7939979508519173,0.0755201168358326,0.10896790865808725,0.09188437461853027,0.09632845595479012,0.7896004393696785,0.08042328804731369,0.10722514241933823,0.0983868632465601,0.09984172787517309,0.7999069392681122,0.06875395588576794,0.11037679202854633,0.09878128208220005,0.09576937090605497,MISSING_ROI,MISSING_ROI,0.7259754985570908,0.156332740560174,0.10809395555406809,0.5552157945930958,0.11457876022905111,0.13941430859267712,0.1505252756178379,0.7216107249259949,0.16146797221153975,0.10777401272207499,0.1062953844666481,0.10383298806846142,0.7292099222540855,0.15307340677827597,0.11119754612445831,0.10574526432901621,0.10098700504750013,0.7271058857440948,0.1544568296521902,0.10531030688434839,0.09808501973748207,0.0976626630872488,21,-0.3453872791003613,34308.17644546145
36,175,536.4672484397888,4.071910381317139,42.40947341918945,0.8226356015886579,0.7204141971043178,0.16296380034514835,0.1081488247854369,0.10466414283428874,0.09976397193968296,0.10956431405884878,0.8733824947902135,0.13236706799699668,0.7019945444379534,0.5322332038198199,1.0222140153816768,0.017984174540532485,0.5044506093433925,0.11693877652287483,0.9999991655349731,0.520174172265189,0.15434415408543178,0.15411022799355642,0.15036506950855255,0.1081488247854369,0.0,0.0,0.10466414283428874,0.09976397193968296,0.10956431405884878,0.8733824947902135,0.13236706799699668,0.7019945444379534,0.5322332038198199,1.0222140153816768,0.017984174540532485,0.5044506093433925,0.7931809723377228,0.07611647248268127,0.10699278395622969,0.4862016402184963,0.11030580382794142,0.1505917590111494,0.14964335970580578,0.7684367001056671,1.4550492465496063,0.08182414202019572,-0.18889612890779972,-0.17732617631554604,0.45341600850224495,0.4563972055912018,1.4364765584468842,-0.17732617631554604,0.4563972055912018,0.7872279584407806,0.08331511216238141,0.10757927130907774,0.09171947371214628,0.09632845595479012,0.7942120581865311,0.07493239920586348,0.10722056590020657,0.09754989296197891,0.09984172787517309,0.7981029599905014,0.07010189769789577,0.10617851745337248,0.0970719438046217,0.09576937090605497,MISSING_ROI,MISSING_ROI,0.725714236497879,0.15594025515019894,0.10440053232014179,0.5322763808071613,0.1133144162595272,0.1538422405719757,0.1505252756178379,0.7229953706264496,0.1594118271023035,0.10563333705067635,0.1014976566657424,0.10383298806846142,0.7259847894310951,0.15578336734324694,0.10526767279952765,0.10068377200514078,0.10098700504750013,0.7281625792384148,0.1526255626231432,0.10230057686567307,0.09762455895543098,0.0976626630872488,21,-0.33326063216442153,34675.19803896972
37,175,616.671450138092,4.071910381317139,42.405303955078125,0.8240986255237034,0.7214913606643677,0.1618180515084948,0.10886596104928425,0.10161733863609178,0.09565452557589327,0.10758015183465822,0.8691592807429177,0.12792152022643546,0.7013324100630624,0.531167756319046,1.0260726378645215,0.014800231070922954,0.503643137386867,0.10875321858695575,0.9999995231628418,0.518771641595023,0.15604820847511292,0.15547391112361636,0.15036506950855255,0.10886596104928425,0.0,0.0,0.10161733863609178,0.09565452557589327,0.10758015183465822,0.8691592807429177,0.12792152022643546,0.7013324100630624,0.531167756319046,1.0260726378645215,0.014800231070922954,0.503643137386867,0.7904417142271996,0.07888429891318083,0.1044032983481884,0.4876892678439617,0.10940691735595465,0.14765844866633415,0.14964335970580578,0.4384828507900238,0.7800613678991795,0.09690433135256171,0.154497432988137,0.17026937927585095,0.537930216640234,0.5418733730912209,0.7563656195998192,0.17026937927585095,0.5418733730912209,0.7875560000538826,0.08234465960413218,0.10453459713608027,0.08814891707152128,0.09632845595479012,0.7882435098290443,0.08146238559857011,0.1041997242718935,0.09605620615184307,0.09984172787517309,0.795525573194027,0.0728458440862596,0.10447556991130114,0.095631861127913,0.09576937090605497,MISSING_ROI,MISSING_ROI,0.7206579819321632,0.16165166348218918,0.10278382617980242,0.536398958414793,0.115485779941082,0.14909869991242886,0.1505252756178379,0.7162866070866585,0.16711654420942068,0.10415338352322578,0.10066869854927063,0.10383298806846142,0.7185871675610542,0.16420218534767628,0.10323146171867847,0.10117927473038435,0.10098700504750013,0.7271001785993576,0.1536362636834383,0.1009666295722127,0.09483157936483622,0.0976626630872488,21,-0.37497562258726075,35033.501659484136
38,175,573.1264774799347,4.071910381317139,42.40332794189453,0.8242843651771545,0.7206167984008789,0.1627912951367242,0.10850944774491446,0.10079454115458897,0.09398019004613162,0.10760889199163233,0.8717895931856973,0.12523404502259966,0.7019141966956003,0.5305390793936593,1.0366756401743207,0.013747790957776097,0.5034824383258819,0.10919827718819891,0.9999997615814209,0.5182216206618718,0.15826926193067006,0.15552155690533775,0.15036506950855255,0.10850944774491446,0.0,0.0,0.10079454115458897,0.09398019004613162,0.10760889199163233,0.8717895931856973,0.12523404502259966,0.7019141966956003,0.5305390793936593,1.0366756401743207,0.013747790957776097,0.5034824383258819,0.7924163341522217,0.07682285364717245,0.10592223610728979,0.4904848784208298,0.11150693520903587,0.14613597467541695,0.14964335970580578,0.4140177257359028,0.5728793069720268,0.2551561426371336,0.32225588522851467,0.3646570034325123,0.5775891691446304,0.5876352190971375,0.5258421748876572,0.3646570034325123,0.5876352190971375,0.788001760840416,0.08195961406454444,0.1052990322932601,0.09001381974667311,0.09632845595479012,0.7896481901407242,0.08010570332407951,0.10585638601332903,0.09824621398001909,0.09984172787517309,0.7995990812778473,0.06840323144569993,0.10661128535866737,0.09803900308907032,0.09576937090605497,MISSING_ROI,MISSING_ROI,0.7215408012270927,0.16087413765490055,0.10421955306082964,0.5354232452809811,0.11509254667907953,0.15008914098143578,0.1505252756178379,0.7202002555131912,0.1626131059601903,0.1049705408513546,0.10402234550565481,0.10383298806846142,0.7196992710232735,0.16329506412148476,0.1054198108613491,0.10405141394585371,0.10098700504750013,0.7247229516506195,0.15671421214938164,0.10226830281317234,0.09783241245895624,0.0976626630872488,21,-0.39833687174887883,35454.89701385157
39,175,606.958863735199,4.071910381317139,42.40724182128906,0.8228807663917541,0.7193078987939017,0.16413326629570552,0.10737420707941055,0.10056437347616468,0.09451030025524752,0.10661844720265695,0.8727333966323307,0.13006863391958176,0.7020923689433507,0.531744704246521,1.0357286441326141,0.011421208463808787,0.5028738112109048,0.10829731745379312,0.9999994039535522,0.520663628748485,0.15726814525468008,0.15325406691857746,0.15036506950855255,0.10737420707941055,0.0,0.0,0.10056437347616468,0.09451030025524752,0.10661844720265695,0.8727333966323307,0.13006863391958176,0.7020923689433507,0.531744704246521,1.0357286441326141,0.011421208463808787,0.5028738112109048,0.7940836399793625,0.07516704592853785,0.10764986276626587,0.49960368126630783,0.11357004102319479,0.1407879013568163,0.14964335970580578,0.4854026287794113,0.9000397548079491,0.07076550181955099,0.08623880101367831,0.10509224655106664,0.5211455151438713,0.5258766487240791,0.860581062734127,0.10509224655106664,0.5258766487240791,0.7907800227403641,0.07898821588605642,0.10706348530948162,0.09350636694580317,0.09632845595479012,0.7892410755157471,0.08081898372620344,0.10705653857439756,0.10086745768785477,0.09984172787517309,0.8022298142313957,0.06569392886012793,0.10882954951375723,0.10050266329199076,0.09576937090605497,MISSING_ROI,MISSING_ROI,0.7226582989096642,0.1598681602627039,0.10592235624790192,0.5472971647977829,0.11849548015743494,0.14264238439500332,0.1505252756178379,0.7199345305562019,0.16322013642638922,0.10649672616273165,0.10623929370194674,0.10383298806846142,0.7207097634673119,0.16243036184459925,0.10719546861946583,0.10517666768282652,0.10098700504750013,0.7273306250572205,0.15395397506654263,0.10407486651092768,0.10032572317868471,0.0976626630872488,21,-0.4267336286249615,35826.7518444118
40,175,533.901935338974,4.071910381317139,42.39811706542969,0.8228826437677655,0.7185852895464216,0.1650391174214227,0.10761358422892434,0.0987117236001151,0.09282239484467676,0.10460105215332338,0.8790764568533216,0.1270134099243608,0.7033926701545715,0.5309989028317588,1.0429735144547054,0.005879084345485483,0.5014615450586591,0.10823186271956989,0.9999997615814209,0.5155309639658247,0.15716285126549856,0.1569775477051735,0.15036506950855255,0.10761358422892434,0.0,0.0,0.0987117236001151,0.09282239484467676,0.10460105215332338,0.8790764568533216,0.1270134099243608,0.7033926701545715,0.5309989028317588,1.0429735144547054,0.005879084345485483,0.5014615450586591,0.7917817533016205,0.0773232588544488,0.10458322707563639,0.4840737134218216,0.10820469073951244,0.1506885215640068,0.14964335970580578,0.9267173334956169,1.730410397052765,0.12302426202222705,-0.30119431018829346,-0.26551512256264687,0.42592427134513855,0.43491773679852486,1.6540545523166656,-0.26551512256264687,0.43491773679852486,0.79029930382967,0.07926744455471635,0.10552497208118439,0.08926062658429146,0.09632845595479012,0.7875355929136276,0.08241859497502446,0.10479523707181215,0.09572599921375513,0.09984172787517309,0.7975103855133057,0.07028372911736369,0.1034294655546546,0.09275859408080578,0.09576937090605497,MISSING_ROI,MISSING_ROI,0.7224669232964516,0.15953159146010876,0.10295933112502098,0.5301766209304333,0.11246548034250736,0.15347792021930218,0.1505252756178379,0.7192135602235794,0.16377215087413788,0.10488871019333601,0.10297060385346413,0.10383298806846142,0.7218788415193558,0.16049408540129662,0.10433689411729574,0.10042834654450417,0.10098700504750013,0.7263083979487419,0.15432852506637573,0.09965237695723772,0.09299169108271599,0.0976626630872488,21,-0.425887093657539,36199.31687668959
41,175,559.0151901245117,4.071910381317139,42.380828857421875,0.8225477831704276,0.7188032116208758,0.16483546844550542,0.10790644420044762,0.09502965391746589,0.09039645182767085,0.09966285617755992,0.8848054703644344,0.11215148828790657,0.7046158484050206,0.5273585677146911,1.037445694378444,0.009283325874379703,0.5023163660934993,0.10405931704810688,0.9999991655349731,0.5156508149419512,0.1586166808434895,0.15688386976718902,0.15036506950855255,0.10790644420044762,0.0,0.0,0.09502965391746589,0.09039645182767085,0.09966285617755992,0.8848054703644344,0.11215148828790657,0.7046158484050206,0.5273585677146911,1.037445694378444,0.009283325874379703,0.5023163660934993,0.790501058101654,0.07868409901857376,0.10372328758239746,0.4873347505927086,0.10892588272690773,0.1477985978126526,0.14964335970580578,0.6032880246639252,1.1706540286540985,0.035922029288485646,-0.06635394707973319,-0.03800498179043643,0.48358645662665367,0.4906020686030388,1.111932061612606,-0.03800498179043643,0.4906020686030388,0.7913395911455154,0.07767838006839156,0.10368401184678078,0.0877817003056407,0.09632845595479012,0.7845557183027267,0.08565608598291874,0.10316780488938093,0.09448042884469032,0.09984172787517309,0.795607902109623,0.07271781610324979,0.10431803856045008,0.09493298642337322,0.09576937090605497,MISSING_ROI,MISSING_ROI,0.7179872542619705,0.16443086601793766,0.10068258736282587,0.5333347469568253,0.10940449964255095,0.15044167451560497,0.1505252756178379,0.7169644609093666,0.16568846628069878,0.10089241899549961,0.09579186048358679,0.10383298806846142,0.7157073095440865,0.16721036098897457,0.101025247015059,0.09594728983938694,0.10098700504750013,0.7212900444865227,0.1603937577456236,0.10013008583337069,0.09489543363451958,0.0976626630872488,21,-0.43997935205698013,36603.068255129314
42,175,538.3825387954712,4.071910381317139,42.37682342529297,0.8246615266799927,0.7189082833698818,0.16469827575342996,0.10784285464457104,0.08697898874325412,0.0810554188383477,0.09290255860026393,0.8912487840652465,0.10804468968151404,0.706251277923584,0.5264259840760912,1.057532416496958,-0.0002786956205298858,0.499940037216459,0.1051647110070501,0.9999996423721313,0.5203699610914503,0.15876589677163533,0.15368197355951582,0.15036506950855255,0.10784285464457104,0.0,0.0,0.08697898874325412,0.0810554188383477,0.09290255860026393,0.8912487840652465,0.10804468968151404,0.706251277923584,0.5264259840760912,1.057532416496958,-0.0002786956205298858,0.499940037216459,0.793796993792057,0.07524335291236639,0.10625891201198101,0.4729531668126583,0.11453047208487988,0.15910118259489536,0.14964335970580578,0.5574809089303017,1.0859275311231613,0.0290342855732888,-0.02346584529732354,0.01784273935481906,0.4941737689077854,0.5044782795011997,0.9933488368988037,0.01784273935481906,0.5044782795011997,0.7929528653621674,0.07602878706529737,0.105106714181602,0.09186657331883907,0.09632845595479012,0.7909858077764511,0.07874485617503524,0.10707179829478264,0.09860624745488167,0.09984172787517309,0.7974523156881332,0.07095640664920211,0.10659821797162294,0.0994366267696023,0.09576937090605497,MISSING_ROI,MISSING_ROI,0.7181106433272362,0.16468931920826435,0.10281056817620993,0.5249290280044079,0.11533130332827568,0.15720312111079693,0.1505252756178379,0.7157492637634277,0.16749808564782143,0.10279804095625877,0.09827829990535975,0.10383298806846142,0.7180774137377739,0.16469535045325756,0.10263465438038111,0.09874647203832865,0.10098700504750013,0.7205052599310875,0.16187449358403683,0.10299900081008673,0.09909167978912592,0.0976626630872488,21,-0.4827698655426502,36997.08928438028
