epoch,batches,seconds,peak_cuda_mem_gb,pred_max_abs,has_nan,has_inf,available_memory_gb,D_real,D_fake,D_real_score,D_fake_score,D_loss,G_adv_raw,G_struct_raw,G_carrier_raw,G_adv_weighted,G_struct_weighted,G_carrier_weighted,G_total
1,350,444.04781460762024,2.6080875396728516,280800.125,0,0,47.760345458984375,0.05665217437515301,0.044224585105798075,0.7201410302094051,0.5087977227994374,0.05043837993006621,0.9610774857657296,4759.008138253348,6391.885999930246,0.9610774857657296,47590.081382533484,3195.942999965123,50786.98556640625
2,350,445.68828105926514,2.6080875396728516,280799.46875,0,0,48.094329833984375,0.00908385259564966,0.007011867196166089,0.7294587567874363,0.50114813378879,0.008047859906884176,0.9963370742116655,4757.325596051897,6390.748920898437,0.9963370742116655,47573.255960518974,3195.3744604492185,50769.626827566964
3,350,475.7326090335846,2.6080875396728516,280797.1875,0,0,48.055328369140625,0.005046460576954165,0.004077199991858963,0.7301675224304199,0.5006088529314313,0.004561830289395792,0.9977241214684077,4755.153540387835,6389.309003557478,0.9977241214684077,47551.53540387835,3194.654501778739,50747.18787946428
4,350,476.59251832962036,2.6080875396728516,280791.15625,0,0,48.01861572265625,0.0032240081831280674,0.002334179822022894,0.7305043034894125,0.5003703502246312,0.002779094007731016,0.9993791537625449,4752.518891601562,6387.576023297991,0.9993791537625449,47525.18891601563,3193.7880116489955,50719.97633091518
5,350,479.76096534729004,2.6080875396728516,280783.5,0,0,48.0296516418457,0.002771385836281947,0.0020802146662026646,0.7306211812155587,0.5002948743104935,0.0024258002633827606,0.9995780224459512,4749.45449672154,6385.567501046317,0.9995780224459512,47494.5449672154,3192.7837505231587,50688.32849609375
6,350,489.90562629699707,2.6080875396728516,280757.4375,0,0,47.99173355102539,0.0021377254232564677,0.0016494084463920444,0.7307458695343563,0.5002168363332749,0.0018935669399797917,0.9999375019754683,4745.975868094308,6383.296535295759,0.9999375019754683,47459.75868094308,3191.6482676478795,50652.40709821429
7,350,503.3360860347748,2.6080875396728516,280749.5625,0,0,47.972042083740234,0.002674600806453132,0.0023511189167454306,0.7306710961886814,0.5002060260091509,0.0025128598685842008,1.0002306127548217,4742.122683105469,6380.78505859375,1.0002306127548217,47421.226831054686,3190.392529296875,50612.61979631696
8,350,498.48831272125244,2.6080875396728516,280738.0625,0,0,48.01122283935547,0.001593482912534715,0.0012676055585533114,0.7308314383029938,0.5001490165506091,0.0014305442352113978,1.0003327757971627,4737.904665178571,6378.041770717075,1.0003327757971627,47379.04665178571,3189.0208853585377,50569.06818638393
9,350,510.1838729381561,2.6080875396728516,280729.09375,0,0,47.91130065917969,0.0017528493370627984,0.0014359172652309228,0.7308217309202467,0.5001129806041718,0.0015943833077991648,1.0006860739844186,4733.338712332589,6375.079059361049,1.0006860739844186,47333.38712332589,3187.5395296805245,50521.927472098214
10,350,514.2322697639465,2.6080875396728516,280727.21875,0,0,47.98567581176758,0.0015515755249985628,0.0013239308597154118,0.7308416274615697,0.5001568407671793,0.0014377531971383308,1.0002978316375188,4728.469754464286,6371.915468052455,1.0002978316375188,47284.697544642855,3185.9577340262276,50471.65546595982
11,350,505.6420884132385,2.6080875396728516,280724.15625,0,0,47.91561508178711,0.0016857796196459926,0.0014509290956526196,0.7308491064820971,0.5001256873777934,0.0015683543585639978,1.0007904532977512,4723.250520019531,6368.541953125,1.0007904532977512,47232.505200195315,3184.2709765625,50417.77697544643
12,350,513.7655985355377,2.6080875396728516,280723.15625,0,0,47.9802360534668,0.0014402710565731727,0.001238079154656069,0.7308815099511827,0.5000778847932815,0.0013391751153228272,1.0005668948377882,4717.760762765067,6364.987422921317,1.0005668948377882,47177.60762765067,3182.4937114606587,50361.10217912946
13,350,514.0686733722687,2.6080875396728516,280722.5,0,0,47.96173095703125,0.0021942955389386044,0.00200437706554242,0.7307250874383109,0.5002611597095217,0.0020993363046519723,1.000379055908748,4711.947689732143,6361.237480119978,1.000379055908748,47119.47689732143,3180.618740059989,50301.09614397321
14,350,520.5662751197815,2.6080875396728516,280713.4375,0,0,47.92131423950195,0.001141315728808487,0.0008544576601915261,0.7309014637129647,0.5000817483663559,0.0009978866959655924,1.0001916597570693,4705.8648434012275,6357.3113413783485,1.0001916597570693,47058.64843401228,3178.6556706891743,50238.30448102679
15,350,518.1228108406067,2.6080875396728516,280706.9375,0,0,47.96068572998047,0.00105303909567218,0.0008773365428039272,0.7309428032806942,0.5000754670585905,0.0009651878195498804,1.0007011468069893,4699.491401367188,6353.204936174665,1.0007011468069893,46994.91401367188,3176.6024680873325,50172.517254464285
16,350,524.2768802642822,2.6080875396728516,280696.96875,0,0,47.95419692993164,0.0014855614344040596,0.0013044799474716585,0.7308577387673514,0.5001153723682676,0.0013950206945550494,1.000390909739903,4692.829628208706,6348.921363002232,1.000390909739903,46928.29628208705,3174.460681501116,50103.757564174106
17,350,518.8583385944366,2.6080875396728516,280683.71875,0,0,47.93226623535156,0.0011050567341901894,0.0008978728940876733,0.7309185934066772,0.5000847415413175,0.0010014648150536232,1.0004610288143159,4685.909160505023,6344.470091378348,1.0004610288143159,46859.09160505022,3172.235045689174,50032.32697265625
18,350,527.0402812957764,2.6080875396728516,280671.65625,0,0,47.96755599975586,0.0013270691996772907,0.0011183865113499841,0.7308939751556941,0.5001078712088721,0.0012227278574053863,1.0011222508975437,4678.691512276786,6339.8422021484375,1.0011222508975437,46786.91512276786,3169.9211010742188,49957.83743861607
19,350,516.7028002738953,2.6080875396728516,280651.28125,0,0,47.90972900390625,0.002760005485199924,0.002412406489269675,0.7306041772024973,0.5003304708855493,0.002586205974387537,1.0008288029261998,4671.22240234375,6335.053673967634,1.0008288029261998,46712.2240234375,3167.526836983817,49880.751925223216
20,350,510.57261061668396,2.6080875396728516,280636.875,0,0,47.96456527709961,0.0014044143781315403,0.0010813882677133994,0.7307946535519191,0.5002102426120213,0.0012429013251676225,1.0004911131518228,4663.449213692801,6330.085748814174,1.0004911131518228,46634.49213692801,3165.042874407087,49800.535633370535
21,350,516.5280725955963,2.6080875396728516,280619.71875,0,0,47.9163703918457,0.0009094680725164445,0.0006628688453513729,0.7309226272787367,0.5000870737007687,0.0007861684643389058,1.0003308345590318,4655.432743791853,6324.963924734933,1.0003308345590318,46554.327437918524,3162.4819623674666,49717.80967912947
22,350,523.9716317653656,2.6080875396728516,280603.3125,0,0,47.904964447021484,0.0009275455457723832,0.0007392723992026212,0.7309295868873597,0.5000663547004972,0.0008334089713337433,1.0003968293326242,4647.131057303292,6319.671152692522,1.0003968293326242,46471.310573032926,3159.835576346261,49632.1466657366
23,350,518.4474244117737,2.6080875396728516,280592.53125,0,0,47.873504638671875,0.0014518354754961495,0.0012795728774965807,0.7308447752680097,0.5001589638846261,0.001365704184198486,1.0005245220661163,4638.561329171317,6314.216225237165,1.0005245220661163,46385.61329171317,3157.1081126185827,49543.72211216518
24,350,523.5909776687622,2.6080875396728516,280585.4375,0,0,47.88980484008789,0.0019030501954590104,0.002475096939503731,0.7306496899468559,0.5003467119591577,0.0021890735834105206,1.0004594273226601,4629.750511125837,6308.608852539062,1.0004594273226601,46297.50511125837,3154.304426269531,49452.810131138394
25,350,522.3939402103424,2.6080875396728516,280567.1875,0,0,47.74374008178711,0.0023528680031969476,0.002506487920743114,0.7304785166467939,0.5005243044240134,0.0024296779495281435,1.0004133263656072,4620.625003313337,6302.823048967634,1.0004133263656072,46206.25003313337,3151.411524483817,49358.662081473216
26,350,514.130161523819,2.6080875396728516,280553.625,0,0,47.894134521484375,0.001015031878902976,0.000929777715126485,0.7308462764535631,0.5001957545961653,0.0009724047981061241,1.0002993714809418,4611.3178976004465,6296.908405412946,1.0002993714809418,46113.17897600446,3148.454202706473,49262.63377232143
27,350,521.9700796604156,2.6080875396728516,280532.6875,0,0,47.82931900024414,0.0006188280766738379,0.00048227737021599233,0.7309398863996778,0.5000987939323698,0.0005505527230811173,1.000146827186857,4601.699742257255,6290.817411760602,1.000146827186857,46016.997422572545,3145.408705880301,49163.406710379466
28,350,524.8779773712158,2.6080875396728516,280532.40625,0,0,47.808658599853516,0.0026922473626577164,0.0027530103700077494,0.7305308251721518,0.5004441524403436,0.0027226288696484907,1.000778321836676,4591.876527622768,6284.592019391741,1.000778321836676,45918.76527622768,3142.2960096958705,49062.061961495536
29,350,521.3439316749573,2.6080875396728516,280515.03125,0,0,47.86494827270508,0.0007054834262401398,0.0005077039532105638,0.7308897066116333,0.5001454725435802,0.0006065936903593995,0.9999456288133348,4581.780043770927,6278.201694335938,0.9999456288133348,45817.800437709266,3139.100847167969,48957.90145368304
30,350,521.8077139854431,2.6080875396728516,280507.8125,0,0,47.72268295288086,0.0014159414229548669,0.0012493469742392855,0.7307907736301422,0.5002298911128725,0.001332644209614955,1.0007303000347956,4571.440180489676,6271.665675920759,1.0007303000347956,45714.40180489676,3135.8328379603795,48851.235744977675
31,350,529.4048879146576,2.6080875396728516,280480.75,0,0,47.72358322143555,0.000492749343829928,0.00036604151671261725,0.7309779150145395,0.5000718746015004,0.0004293954314406229,1.000122093473162,4560.826489432198,6264.974081333706,1.000122093473162,45608.26489432199,3132.487040666853,48741.75229073661
32,350,542.1835191249847,2.6080875396728516,280474.1875,0,0,47.74192810058594,0.0021372502156217317,0.0019493847904647867,0.7306494217259544,0.5003274703877313,0.0020433175018946975,0.9999343199389321,4549.964259381975,6258.133424944196,0.9999343199389321,45499.64259381976,3129.066712472098,48629.709400111606
33,350,522.6881015300751,2.6080875396728516,280463.375,0,0,47.82988739013672,0.0015928694722450538,0.0016135208418979476,0.7306741418157305,0.5003672285590853,0.0016031951710881133,1.0003218729155405,4538.8419846888955,6251.143565848214,1.0003218729155405,45388.41984688895,3125.571782924107,48514.992145647324
34,350,528.1097493171692,2.6080875396728516,280447.5625,0,0,47.84495162963867,0.0006104001780165292,0.000504056964107024,0.7309201088973454,0.5001398840972355,0.0005572285706252193,1.0000674167701176,4527.4534765625,6243.999401855469,1.0000674167701176,45274.534765625,3121.9997009277345,48397.534854910715
35,350,529.6211111545563,2.6080875396728516,280435.90625,0,0,47.776954650878906,0.002806926863455114,0.0024225175765501,0.7305445659160614,0.5004222588028227,0.0026147221816063392,1.0010467109935623,4515.833618512835,6236.716494140625,1.0010467109935623,45158.33618512835,3118.3582470703127,48277.69580357143
36,350,536.1334187984467,2.6080875396728516,280426.0625,0,0,47.87279510498047,0.0008950486255759773,0.0006853872575032125,0.7308310047217778,0.5002088623387473,0.0007902179406456915,1.0002651132856097,4503.9688082449775,6229.285348074777,1.0002651132856097,45039.68808244978,3114.6426740373886,48155.331280691964
37,350,522.6061742305756,2.6080875396728516,280407.78125,0,0,47.92837905883789,0.0004085171726390919,0.0002580339604589556,0.7309743395873478,0.500067915405546,0.0003332755672870137,0.9999384573527745,4491.853429478237,6221.712835518973,0.9999384573527745,44918.53429478237,3110.8564177594867,48030.39073102678
38,350,531.9274818897247,2.6080875396728516,280400.625,0,0,47.8420524597168,0.001574212719528337,0.0015469614378006164,0.7307071932724544,0.5003405157157353,0.0015605870739922726,1.0007745139939443,4479.49124407087,6213.9948395647325,1.0007745139939443,44794.91244070871,3106.9974197823663,47902.910906808036
39,350,536.578706741333,2.6080875396728516,280388.6875,0,0,47.862735748291016,0.0015084996227233206,0.0020277073965033715,0.7306445695672716,0.500399192741939,0.0017681035091767887,0.9997054232018334,4466.882475585938,6206.130914481027,0.9997054232018334,44668.82475585937,3103.0654572405133,47772.88995256696
40,350,523.4414417743683,2.6080875396728516,280366.03125,0,0,47.78482437133789,0.002174436032156726,0.002064501081882294,0.7305642798968723,0.5004530638456345,0.002119468567169471,1.0001584036861146,4454.045424455915,6198.130654994419,1.0001584036861146,44540.45424455915,3099.0653274972096,47640.51969308036
41,350,524.9968435764313,2.6080875396728516,280364.6875,0,0,47.884910583496094,0.001514668543760698,0.0015523393302386726,0.7306338095664978,0.5004111692735127,0.0015335039402374865,0.9999796378612519,4440.9904377092635,6189.9968244280135,0.9999796378612519,44409.90437709264,3094.9984122140067,47505.90311383929
42,350,522.6910119056702,2.6080875396728516,280365.03125,0,0,47.82936096191406,0.001533545206413172,0.002079400135927634,0.730592349597386,0.5004877311842783,0.001806472657647516,0.9998228631700788,4427.706416364397,6181.725874023437,0.9998228631700788,44277.064163643976,3090.8629370117187,47368.927234933035
43,350,518.6435236930847,2.6080875396728516,280335.6875,0,0,47.6663703918457,0.0014049533868299997,0.0013936849273782823,0.7307010202748435,0.5003263768127987,0.001399319156875468,1.000159750495638,4414.180907854353,6173.315185546875,1.000159750495638,44141.80907854353,3086.6575927734375,47229.467036830356
44,350,521.4645714759827,2.6080875396728516,280313.21875,0,0,47.88096237182617,0.0016153659992102932,0.002299234809751007,0.7305672356060573,0.5004825530733381,0.0019573004179775514,0.9993745407036373,4400.436264299665,6164.770644182478,0.9993745407036373,44004.36264299665,3082.385322091239,47087.74742466518
45,350,543.832891702652,2.6080875396728516,280291.90625,0,0,47.728511810302734,0.0015466621503583155,0.0022996324083838513,0.7305516200406211,0.5005139120987483,0.0019231472758734266,0.9992100584506989,4386.4896859305245,6156.1001876395085,0.9992100584506989,43864.89685930525,3078.0500938197542,46943.94617047991
46,350,535.1631977558136,2.6080875396728516,280270.5625,0,0,47.75321578979492,0.0014471448409728639,0.002424525059385425,0.730551405123302,0.5005377969571523,0.0019358349458655408,0.9988178334917341,4372.322516217913,6147.295137067523,0.9988178334917341,43723.22516217913,3073.6475685337614,46797.87152064732
47,350,526.7241251468658,2.6080875396728516,280248.53125,0,0,47.77326965332031,0.0013554235272957677,0.002150728017544939,0.7305507862567902,0.5005192437342235,0.0017530757589390435,0.999589010647365,4357.93146850586,6138.3555943080355,0.999589010647365,43579.31468505859,3069.1777971540178,46649.49231166294
48,350,517.9439375400543,2.6080875396728516,280228.71875,0,0,47.76899719238281,0.0014129049255695593,0.0024481912798364645,0.73053977898189,0.5005286239726203,0.0019305481322433999,0.9992716867583139,4343.333270612444,6129.288645368303,0.9992716867583139,43433.33270612444,3064.6443226841516,46498.97628069196
49,350,550.7160353660583,2.6080875396728516,280206.46875,0,0,47.75432205200195,0.0012712915345660543,0.0025594217373769166,0.7305230777604239,0.5005538954053607,0.0019153566097832352,0.9984332357134138,4328.531296561105,6120.094377790178,0.9984332357134138,43285.31296561105,3060.047188895089,46346.35875976562
50,350,534.6486856937408,2.6080875396728516,280180.1875,0,0,47.743743896484375,0.001432613685465185,0.0026530648964814777,0.7304820035185132,0.5006023549182075,0.0020428392849031036,0.9993258147580283,4313.523649204799,6110.774782366071,0.9993258147580283,43135.23649204799,3055.3873911830356,46191.62325753348
