category,split,sample_idx,path,y_idx,roi_z0,roi_z1,roi_x0,roi_x1,roi_shape_zx,mean_env,std_env,speckle_snr_mean_over_std,autocorr_fwhm_z_vox,autocorr_fwhm_x_vox,autocorr_fwhm_z_mm,autocorr_fwhm_x_mm,selection_score,selection_mean,selection_std,selection_cv,selection_grad_norm,selection_high_frac,selection_p99_over_mean
carotid,train,214,/mnt/f/DAS/RF_LearningSamples_random64_full1500/train/carotid/RF000443_carotid_train_patch005.h5,16,8,39,0,15,32x16,9235.208984375,3188.925048828125,2.8960257274685013,6.355280736126147,2.570274885124953,0.23006116264776655,0.5140549770249906,0.31292867057057233,9235.208984375,3188.925048828125,0.3453007998220126,0.31292867057057233,0.0,1.6986309612054915
carotid,train,134,/mnt/f/DAS/RF_LearningSamples_random64_full1500/train/carotid/RF000427_carotid_train_patch005.h5,16,24,55,0,15,32x16,5614.005859375,2348.26904296875,2.3906995990023394,6.446970160911682,3.541508572626361,0.2333803198250029,0.7083017145252722,0.317913401749461,5614.005859375,2348.26904296875,0.4182876010090555,0.317913401749461,0.0,1.9669484210632515
carotid,train,8,/mnt/f/DAS/RF_LearningSamples_random64_full1500/train/carotid/RF000402_carotid_train_patch004.h5,16,16,47,4,19,32x16,1069.2589111328125,429.2513427734375,2.4909855941840906,7.166574200787169,2.9257886867714973,0.25942998606849554,0.5851577373542994,0.32113698058615836,1069.2589111328125,429.2513427734375,0.4014475243593456,0.32113698058615836,0.0,1.8609461480615768
carotid,train,71,/mnt/f/DAS/RF_LearningSamples_random64_full1500/train/carotid/RF000415_carotid_train_patch002.h5,16,32,63,4,19,32x16,11492.2353515625,5004.99462890625,2.296153383500017,7.94940707465578,3.1586778737349697,0.2877685361025393,0.6317355747469939,0.35081219707701755,11492.2353515625,5004.99462890625,0.43551097552364026,0.35081219707701755,0.0,1.9767033600896797
carotid,train,232,/mnt/f/DAS/RF_LearningSamples_random64_full1500/train/carotid/RF000447_carotid_train_patch003.h5,16,16,47,0,15,32x16,1709.862060546875,717.5811157226562,2.3828136263381423,6.39417436803132,3.1573431704738155,0.2314691121227338,0.6314686340947632,0.36074210118830025,1709.862060546875,717.5811157226562,0.4196719327716692,0.31972647618830025,0.013671875,2.0026720562796667
carotid,train,17,/mnt/f/DAS/RF_LearningSamples_random64_full1500/train/carotid/RF000404_carotid_train_patch003.h5,16,32,63,0,15,32x16,608.115966796875,298.67254638671875,2.0360624843285375,5.990502960955244,4.580790813304685,0.21685620718657983,0.9161581626609371,0.37949857268452836,608.115966796875,298.67254638671875,0.4911440624720217,0.32090482268452836,0.01953125,2.1772030593658416
carotid,train,295,/mnt/f/DAS/RF_LearningSamples_random64_full1500/train/carotid/RF000460_carotid_train_patch001.h5,16,16,47,0,15,32x16,2135.414794921875,821.8382568359375,2.598339487313697,5.824637484322426,2.251219884125427,0.21085187693247184,0.45024397682508543,0.38402688958149606,2135.414794921875,821.8382568359375,0.38486117956582033,0.38402688958149606,0.0,1.7245288743964975
carotid,train,161,/mnt/f/DAS/RF_LearningSamples_random64_full1500/train/carotid/RF000433_carotid_train_patch002.h5,16,0,31,16,31,32x16,9419.5498046875,4556.27587890625,2.067379161190892,5.724628804938377,3.719692825193221,0.20723156273876928,0.7439385650386443,0.390497431560639,9419.5498046875,4556.27587890625,0.4837042080969608,0.367059931560639,0.0078125,2.0673205110009008
carotid,train,107,/mnt/f/DAS/RF_LearningSamples_random64_full1500/train/carotid/RF000422_carotid_train_patch003.h5,16,0,31,12,27,32x16,24962.0078125,12021.5712890625,2.0764347032746877,6.307668328553905,2.953464350367476,0.22833759349365138,0.5906928700734951,0.4076538521665894,24962.0078125,12021.5712890625,0.4815947250462187,0.4076538521665894,0.0,1.993874597552468
carotid,train,196,/mnt/f/DAS/RF_LearningSamples_random64_full1500/train/carotid/RF000440_carotid_train_patch002.h5,16,0,31,16,31,32x16,2138.076171875,1081.146728515625,1.9776003714227566,7.134334479262172,2.9715259963325504,0.25826290814929065,0.5943051992665102,0.40778411559555383,2138.076171875,1081.146728515625,0.5056633354495998,0.39020599059555383,0.005859375,2.4034877294588894
carotid,train,0,/mnt/f/DAS/RF_LearningSamples_random64_full1500/train/carotid/RF000401_carotid_train_patch001.h5,16,0,31,16,31,32x16,3544.419189453125,1803.6326904296875,1.9651557704959985,5.859698105025474,3.033683768100382,0.21212107140192218,0.6067367536200764,0.40832785792420556,3544.419189453125,1803.6326904296875,0.5088655133672191,0.40832785792420556,0.0,2.061619068434015
carotid,train,53,/mnt/f/DAS/RF_LearningSamples_random64_full1500/train/carotid/RF000411_carotid_train_patch004.h5,16,32,63,12,27,32x16,2944.477783203125,1620.0057373046875,1.8175724415038486,6.017932895539986,3.653980583039691,0.21784917081854752,0.7307961166079382,0.412732406921358,2944.477783203125,1620.0057373046875,0.5501843982474807,0.412732406921358,0.0,2.4903476872299923
muscle,train,555,/mnt/f/DAS/RF_LearningSamples_random64_full1500/train/muscle/RF000342_muscle_train_patch001.h5,16,32,63,4,19,32x16,2218.974609375,1169.42724609375,1.8974883788513242,8.357454850649239,3.7366924897694798,0.3025398655935025,0.747338497953896,0.32746920151129055,2218.974609375,1169.42724609375,0.5270124503241307,0.32746920151129055,0.0,2.1919402965368815
muscle,train,520,/mnt/f/DAS/RF_LearningSamples_random64_full1500/train/muscle/RF000335_muscle_train_patch001.h5,16,0,31,0,15,32x16,5798.0361328125,2286.93359375,2.5352883654593428,7.082052127880072,2.5600818086561636,0.2563702870292586,0.5120163617312328,0.3441867860362875,5798.0361328125,2286.93359375,0.39443244943019323,0.3441867860362875,0.0,1.7746667657034327
muscle,train,502,/mnt/f/DAS/RF_LearningSamples_random64_full1500/train/muscle/RF000331_muscle_train_patch003.h5,16,16,47,12,27,32x16,1037.2705078125,451.3315124511719,2.298245256971098,6.904740770405085,3.0603142782090487,0.2499516158886641,0.6120628556418097,0.34931117252263033,1037.2705078125,451.3315124511719,0.43511457141781135,0.34931117252263033,0.0,1.9367712408147493
muscle,train,484,/mnt/f/DAS/RF_LearningSamples_random64_full1500/train/muscle/RF000327_muscle_train_patch005.h5,16,0,31,4,19,32x16,5421.078125,5564.322265625,0.9742566778509707,7.742495845465814,10.180172746960759,0.28027834960586245,2.0360345493921517,0.3690841505613937,5421.078125,5564.322265625,1.0264235521647271,0.3632247755613937,0.001953125,3.896761123392775
muscle,train,475,/mnt/f/DAS/RF_LearningSamples_random64_full1500/train/muscle/RF000326_muscle_train_patch001.h5,16,32,63,4,19,32x16,1686.331787109375,1009.17822265625,1.670995022733242,7.995807857540631,4.594125094610318,0.28944824444297085,0.9188250189220636,0.3758985079369903,1686.331787109375,1009.17822265625,0.598445828021858,0.3758985079369903,0.0,2.516148983345674
muscle,train,681,/mnt/f/DAS/RF_LearningSamples_random64_full1500/train/muscle/RF000367_muscle_train_patch002.h5,16,8,39,0,15,32x16,1247.1143798828125,568.6062622070312,2.1932828791617003,5.072018484575571,3.2753302368422124,0.1836070691416357,0.6550660473684425,0.3900205249666439,1247.1143798828125,568.6062622070312,0.45593753979523594,0.3783017749666439,0.00390625,2.059621229124537
muscle,train,591,/mnt/f/DAS/RF_LearningSamples_random64_full1500/train/muscle/RF000349_muscle_train_patch002.h5,16,32,63,4,19,32x16,19646.09375,10171.7373046875,1.9314393560819128,6.924827867882851,3.8103517115060734,0.25067876881735923,0.7620703423012147,0.39251850369825425,19646.09375,10171.7373046875,0.5177485883007914,0.39251850369825425,0.0,2.334730584165109
muscle,train,600,/mnt/f/DAS/RF_LearningSamples_random64_full1500/train/muscle/RF000351_muscle_train_patch001.h5,16,32,63,4,19,32x16,6883.25390625,3558.59375,1.9342623490669588,5.622046652577929,3.2746046484766573,0.20351808882332104,0.6549209296953316,0.3989078382033388,6883.25390625,3558.59375,0.5169929510763498,0.3989078382033388,0.0,2.5995932156450805
muscle,train,618,/mnt/f/DAS/RF_LearningSamples_random64_full1500/train/muscle/RF000354_muscle_train_patch004.h5,16,8,39,16,31,32x16,4406.4189453125,2220.83837890625,1.9841240979825978,5.801586688475416,3.3026616603214314,0.21001743812281007,0.6605323320642863,0.40786230130623863,4406.4189453125,2220.83837890625,0.5040007331279185,0.40200292630623863,0.001953125,2.246972578400695
muscle,train,412,/mnt/f/DAS/RF_LearningSamples_random64_full1500/train/muscle/RF000313_muscle_train_patch003.h5,16,0,31,16,31,32x16,3894.744873046875,1444.79150390625,2.6957141307356385,5.008872748266061,2.3501546684935133,0.1813211934872314,0.4700309336987027,0.4082349738095797,3894.744873046875,1444.79150390625,0.370959215815331,0.3847974738095797,0.0078125,1.7613281618517034
muscle,train,663,/mnt/f/DAS/RF_LearningSamples_random64_full1500/train/muscle/RF000363_muscle_train_patch004.h5,16,32,63,4,19,32x16,711.65087890625,302.7861328125,2.3503417157711666,4.746976372482986,2.7053782279268366,0.1718405446838841,0.5410756455853674,0.410813608391579,711.65087890625,302.7861328125,0.4254700468829005,0.410813608391579,0.0,1.8050309750998457
muscle,train,564,/mnt/f/DAS/RF_LearningSamples_random64_full1500/train/muscle/RF000343_muscle_train_patch005.h5,16,8,39,8,23,32x16,1818.2822265625,896.6610717773438,2.0278366974918796,8.569055789664118,3.066287605855993,0.3101998195858411,0.6132575211711986,0.42403336287999044,1818.2822265625,896.6610717773438,0.49313635621489826,0.39473648787999044,0.009765625,2.0539875214899013
phantom,train,870,/mnt/f/DAS/RF_LearningSamples_random64_full1500/train/phantom/RF000536_phantom_train_patch001.h5,16,16,47,4,19,32x16,680.168701171875,289.806640625,2.3469741745910784,6.078617684982289,3.296534418669498,0.2200459601963589,0.6593068837338997,0.3246856526862622,680.168701171875,289.806640625,0.42608052991219153,0.3246856526862622,0.0,1.8730959511064516
phantom,train,744,/mnt/f/DAS/RF_LearningSamples_random64_full1500/train/phantom/RF000510_phantom_train_patch005.h5,16,0,31,4,19,32x16,725.1386108398438,356.5583190917969,2.0337167077937477,6.042095290979335,3.2677606033517748,0.21872384953345192,0.653552120670355,0.374508276931496,725.1386108398438,356.5583190917969,0.491710569209432,0.374508276931496,0.0,2.377619243896238
phantom,train,816,/mnt/f/DAS/RF_LearningSamples_random64_full1500/train/phantom/RF000525_phantom_train_patch002.h5,16,8,39,16,31,32x16,145.63299560546875,65.00849914550781,2.2402147029959543,6.786975672066739,3.1873507309868803,0.24568851932881597,0.6374701461973761,0.4121128260473557,145.63299560546875,65.00849914550781,0.4463857855511021,0.3593784510473557,0.017578125,2.2635163707732833
phantom,train,968,/mnt/f/DAS/RF_LearningSamples_random64_full1500/train/phantom/RF000555_phantom_train_patch004.h5,16,24,55,4,19,32x16,1258.443603515625,599.5006103515625,2.0991531647943433,6.747488078610503,2.255706920054124,0.24425906844570022,0.4511413840108248,0.4293389404772641,1258.443603515625,599.5006103515625,0.47638257978091314,0.4293389404772641,0.0,2.045759260929831
phantom,train,923,/mnt/f/DAS/RF_LearningSamples_random64_full1500/train/phantom/RF000546_phantom_train_patch004.h5,16,0,31,0,15,32x16,717.2678833007812,387.7587585449219,1.849778676805011,6.995960774740776,3.275845534885071,0.2532537800456161,0.6551691069770142,0.4303893528920066,717.2678833007812,387.7587585449219,0.5406052153910779,0.4303893528920066,0.0,2.244766956181804
phantom,train,708,/mnt/f/DAS/RF_LearningSamples_random64_full1500/train/phantom/RF000503_phantom_train_patch004.h5,16,16,47,12,27,32x16,504.27764892578125,227.36204528808594,2.217950002546902,5.252532997176511,2.6230074191703356,0.1901416944977897,0.5246014838340671,0.4394326764975176,504.27764892578125,227.36204528808594,0.45086679088873965,0.4394326764975176,0.0,1.9167277993387828
phantom,train,950,/mnt/f/DAS/RF_LearningSamples_random64_full1500/train/phantom/RF000552_phantom_train_patch001.h5,16,0,31,16,31,32x16,1850.60791015625,769.4612426757812,2.4050696870979587,5.5156970077539,2.2758238935011534,0.1996682316806912,0.4551647787002307,0.44150267757374895,1850.60791015625,769.4612426757812,0.4157883679481376,0.39462767757374895,0.015625,2.072808502273719
phantom,train,789,/mnt/f/DAS/RF_LearningSamples_random64_full1500/train/phantom/RF000519_phantom_train_patch005.h5,16,32,63,16,31,32x16,552.436279296875,274.85247802734375,2.009937415379292,5.821753350010837,2.767933637022198,0.21074747127039234,0.5535867274044396,0.4510286778793347,552.436279296875,274.85247802734375,0.497527929152603,0.4451693028793347,0.001953125,2.054567414670187
phantom,train,807,/mnt/f/DAS/RF_LearningSamples_random64_full1500/train/phantom/RF000523_phantom_train_patch003.h5,16,16,47,4,19,32x16,628.276123046875,302.1077880859375,2.0796422595638404,5.815422182881376,3.072896154603497,0.2105182830203058,0.6145792309206994,0.4518595878977047,628.276123046875,302.1077880859375,0.48085193277892097,0.3991252128977047,0.017578125,2.188739377458545
phantom,train,959,/mnt/f/DAS/RF_LearningSamples_random64_full1500/train/phantom/RF000553_phantom_train_patch005.h5,16,0,31,12,27,32x16,1373.866455078125,599.09912109375,2.2932206152629844,5.590919602983355,2.1742174659867595,0.2023912896279975,0.43484349319735194,0.4577412073731946,1373.866455078125,599.09912109375,0.43606794450751896,0.4577412073731946,0.0,2.089086226446979
phantom,train,861,/mnt/f/DAS/RF_LearningSamples_random64_full1500/train/phantom/RF000534_phantom_train_patch002.h5,16,32,63,0,15,32x16,1907.4085693359375,814.9475708007812,2.340529179639965,5.904324001172123,2.0201966562786704,0.21373652884243086,0.4040393312557341,0.4667271140671673,1907.4085693359375,814.9475708007812,0.4272538059764008,0.4432896140671673,0.0078125,2.0414218023612816
phantom,train,905,/mnt/f/DAS/RF_LearningSamples_random64_full1500/train/phantom/RF000543_phantom_train_patch001.h5,16,8,39,8,23,32x16,1978.394775390625,1064.224365234375,1.8590015790090653,5.644565995081324,2.871029879221972,0.20433328902194395,0.5742059758443945,0.4743013485657593,1978.394775390625,1064.224365234375,0.5379231579421495,0.4684419735657593,0.001953125,2.470169142858552
